{
  "__type__": "dragonBones.DragonBonesAsset",
  "_name": "monsters_s_bee_ske",
  "_dragonBonesJson": "{\"frameRate\":24,\"version\":\"4.5\",\"isGlobal\":0,\"name\":\"monsters_s_bee\",\"armature\":[{\"frameRate\":24,\"slot\":[{\"displayIndex\":-1,\"color\":{},\"name\":\"hand_left\",\"parent\":\"root\"},{\"z\":1,\"color\":{},\"name\":\"hand_right\",\"parent\":\"hand_right\"},{\"z\":2,\"color\":{},\"name\":\"hand_left1\",\"parent\":\"hand_left\"},{\"z\":3,\"color\":{},\"name\":\"body2\",\"parent\":\"root\"},{\"z\":4,\"color\":{},\"name\":\"body\",\"parent\":\"body\"},{\"z\":5,\"color\":{},\"name\":\"head\",\"parent\":\"head\"},{\"z\":6,\"color\":{},\"name\":\"eye_left\",\"parent\":\"eye_left\"},{\"z\":7,\"color\":{},\"name\":\"wing_left\",\"parent\":\"wing_left\"},{\"z\":8,\"color\":{},\"name\":\"wing_right\",\"parent\":\"wing_right\"},{\"z\":9,\"color\":{},\"name\":\"eye_right\",\"parent\":\"eye_right1\"}],\"name\":\"monsters_s_bee\",\"skin\":[{\"name\":\"\",\"slot\":[{\"display\":[{\"type\":\"image\",\"transform\":{\"y\":-0.1881,\"skX\":-96.5987,\"skY\":-96.5987,\"x\":-0.15445},\"name\":\"eye_right\",\"path\":\"eye_right\"}],\"name\":\"eye_right\"},{\"display\":[{\"type\":\"image\",\"transform\":{\"y\":-4.8185,\"skX\":122.2861,\"skY\":122.2861,\"x\":18.011},\"name\":\"wing_left\",\"path\":\"wing_left\"}],\"name\":\"wing_left\"},{\"display\":[{\"type\":\"image\",\"transform\":{\"y\":-3.25305,\"skX\":-52.3443,\"skY\":-52.3443,\"x\":9.5986},\"name\":\"hand_right\",\"path\":\"hand_right\"}],\"name\":\"hand_right\"},{\"display\":[{\"triangles\":[9,2,8,2,3,8,8,3,7,3,6,7,10,2,9,3,4,6,4,5,6,1,2,10,11,1,10,11,12,1,12,0,1],\"edges\":[0,1,1,2,2,3,3,4,4,5,5,6,6,7,7,8,8,9,9,10,10,11,11,12,12,0],\"type\":\"mesh\",\"width\":28,\"path\":\"body2\",\"weights\":[3,2,0.945246212241945,8,0.03617141589383555,11,0.018582371864219346,3,2,0.8160456955770247,8,0.12510273952540213,11,0.05885156489757319,3,2,0.3345326992958516,8,0.40769243544230427,11,0.25777486526184407,3,2,0.07366663714200411,11,0.5673491384469598,8,0.35898422441103606,3,2,0.020733403512469377,11,0.8884094756830853,8,0.09085712080444532,3,2,0.035679838770604044,11,0.8701823325630654,8,0.09413782866633047,3,2,0.03544941304746312,11,0.7894613884872987,8,0.17508919846523802,3,2,0.07853052064984911,8,0.4615970766641468,11,0.45987240268600404,3,2,0.2053777109120754,8,0.4178009423410485,11,0.3768213467468761,3,2,0.39095110734091015,8,0.4348630698477068,11,0.17418582281138315,3,2,0.47354371272858037,8,0.4351456360260777,11,0.091310651245342,3,2,0.6190205422932724,8,0.3043376659400207,11,0.07664179176670682,3,2,0.8802071947415422,8,0.08944908086100131,11,0.03034372439745636],\"height\":36,\"bonePose\":[2,0.9821389358683998,-0.18815714350320895,0.18815714350320895,0.9821389358683998,4.174999999999999,-2.0250000000000004,8,0.4854605385396208,0.8742585804673703,-0.8742585804673703,0.4854605385396208,16.875,-3.8,11,-0.0368513078477517,0.9993207598713789,-0.9993207598713789,-0.0368513078477517,22.425000000000004,6.475],\"slotPose\":[1,0,0,1,15.708943104320777,5.24800610871177],\"transform\":{\"y\":5.248,\"x\":15.70895},\"userEdges\":[],\"uvs\":[0.01404,0.35411,0.21667,0.39932,0.40351,0.48973,0.55175,0.62808,0.62018,0.76575,0.67456,1.00068,0.89123,0.77671,0.99298,0.54589,1,0.32877,0.84035,0.10411,0.55877,0,0.2307,0.05959,0.09386,0.18562],\"vertices\":[-13.85,-5.325,-8.075,-3.675,-2.75,-0.375,1.475,4.675,3.425,9.7,4.975,18.275,11.15,10.1,14.05,1.675,14.25,-6.25,9.7,-14.45,1.675,-18.25,-7.675,-16.075,-11.575,-11.475],\"name\":\"body2\"}],\"name\":\"body2\"},{\"display\":[{\"type\":\"image\",\"transform\":{\"y\":-6.6569,\"skX\":127.7539,\"skY\":127.7539,\"x\":0.321},\"name\":\"hand_left\",\"path\":\"hand_left\"}],\"name\":\"hand_left1\"},{\"display\":[{\"type\":\"image\",\"transform\":{\"y\":-0.73695,\"skX\":-96.5987,\"skY\":-96.5987,\"x\":0.56205},\"name\":\"eye_left\",\"path\":\"eye_left\"}],\"name\":\"eye_left\"},{\"display\":[{\"type\":\"image\",\"transform\":{\"y\":4.53735,\"skX\":60.6206,\"skY\":60.6206,\"x\":17.0997},\"name\":\"wing_right\",\"path\":\"wing_right\"}],\"name\":\"wing_right\"},{\"display\":[],\"name\":\"hand_left\"},{\"display\":[{\"type\":\"image\",\"transform\":{\"y\":-0.2021,\"skX\":-115.237,\"skY\":-115.237,\"x\":5.7889},\"name\":\"body\",\"path\":\"body\"}],\"name\":\"body\"},{\"display\":[{\"type\":\"image\",\"transform\":{\"y\":-1.39455,\"skX\":-96.5987,\"skY\":-96.5987,\"x\":6.79605},\"name\":\"head\",\"path\":\"head\"}],\"name\":\"head\"}]}],\"bone\":[{\"transform\":{},\"name\":\"root\"},{\"length\":10.5,\"parent\":\"root\",\"transform\":{\"y\":2.6,\"skX\":115.237,\"skY\":115.237,\"x\":-1.925},\"name\":\"body\"},{\"length\":12,\"parent\":\"body\",\"transform\":{\"y\":-3.54585,\"skX\":-126.0823,\"skY\":-126.0823,\"x\":-6.78435},\"name\":\"body2\"},{\"length\":24,\"parent\":\"body\",\"transform\":{\"y\":4.69985,\"skX\":122.4768,\"skY\":122.4768,\"x\":-2.2897},\"name\":\"wing_left\"},{\"length\":9.5,\"parent\":\"body\",\"transform\":{\"skX\":-18.6383,\"skY\":-18.6383,\"x\":10.613},\"name\":\"head\"},{\"length\":25,\"parent\":\"body\",\"transform\":{\"y\":-0.10755,\"skX\":-175.8577,\"skY\":-175.8577,\"x\":-4.6386},\"name\":\"wing_right\"},{\"length\":5,\"parent\":\"body\",\"transform\":{\"y\":6.31335,\"skX\":117.0091,\"skY\":117.0091,\"x\":7.011},\"name\":\"hand_left\"},{\"length\":4,\"parent\":\"body\",\"transform\":{\"y\":-3.4307,\"skX\":-62.8927,\"skY\":-62.8927,\"x\":0.59395},\"name\":\"hand_right\"},{\"length\":11.5,\"parent\":\"body2\",\"transform\":{\"y\":0.6463,\"skX\":71.8026,\"skY\":71.8026,\"x\":12.80715},\"name\":\"body21\"},{\"transform\":{\"y\":6.71395,\"x\":3.74635},\"name\":\"eye_left\",\"parent\":\"head\"},{\"transform\":{\"y\":-7.23065,\"x\":2.4604},\"name\":\"eye_right1\",\"parent\":\"head\"},{\"length\":11.5,\"parent\":\"body21\",\"transform\":{\"y\":0.13595,\"skX\":31.1546,\"skY\":31.1546,\"x\":11.6773},\"name\":\"body22\"}],\"ik\":[],\"type\":\"Armature\",\"animation\":[{\"bone\":[{\"frame\":[{\"transform\":{},\"duration\":20}],\"name\":\"root\"},{\"frame\":[{\"tweenEasing\":0,\"transform\":{\"skX\":12.7508,\"skY\":12.7508},\"duration\":5},{\"tweenEasing\":0,\"transform\":{\"y\":-3.2357,\"skX\":16.0604,\"skY\":16.0604},\"duration\":5},{\"tweenEasing\":0,\"transform\":{\"skX\":12.7508,\"skY\":12.7508},\"duration\":5},{\"tweenEasing\":0,\"transform\":{\"y\":-3.2357,\"skX\":16.0604,\"skY\":16.0604},\"duration\":5},{\"transform\":{\"skX\":12.7508,\"skY\":12.7508},\"duration\":0}],\"name\":\"body\"},{\"frame\":[{\"tweenEasing\":0,\"transform\":{\"skX\":-7.8415,\"skY\":-7.8415},\"duration\":5},{\"tweenEasing\":0,\"transform\":{\"skX\":-12.5221,\"skY\":-12.5221},\"duration\":5},{\"tweenEasing\":0,\"transform\":{\"skX\":-7.8415,\"skY\":-7.8415},\"duration\":5},{\"tweenEasing\":0,\"transform\":{\"skX\":-12.5221,\"skY\":-12.5221},\"duration\":5},{\"transform\":{\"skX\":-7.8415,\"skY\":-7.8415},\"duration\":0}],\"name\":\"body2\"},{\"frame\":[{\"tweenEasing\":0,\"transform\":{\"skX\":16.1682,\"skY\":16.1682},\"duration\":5},{\"tweenEasing\":0,\"transform\":{\"skX\":-74.8719,\"skY\":-74.8719},\"duration\":5},{\"tweenEasing\":0,\"transform\":{\"skX\":16.1682,\"skY\":16.1682},\"duration\":5},{\"tweenEasing\":0,\"transform\":{\"skX\":-74.8719,\"skY\":-74.8719},\"duration\":5},{\"transform\":{\"skX\":16.1682,\"skY\":16.1682},\"duration\":0}],\"name\":\"wing_left\"},{\"frame\":[{\"transform\":{},\"duration\":20}],\"name\":\"head\"},{\"frame\":[{\"tweenEasing\":0,\"transform\":{\"skX\":-5.069,\"skY\":-5.069},\"duration\":5},{\"tweenEasing\":0,\"transform\":{\"skX\":76.2358,\"skY\":76.2358},\"duration\":5},{\"tweenEasing\":0,\"transform\":{\"skX\":-5.069,\"skY\":-5.069},\"duration\":5},{\"tweenEasing\":0,\"transform\":{\"skX\":76.2358,\"skY\":76.2358},\"duration\":5},{\"transform\":{\"skX\":-5.069,\"skY\":-5.069},\"duration\":0}],\"name\":\"wing_right\"},{\"frame\":[{\"tweenEasing\":0,\"transform\":{},\"duration\":5},{\"tweenEasing\":0,\"transform\":{\"skX\":10.86,\"skY\":10.86},\"duration\":5},{\"tweenEasing\":0,\"transform\":{},\"duration\":5},{\"tweenEasing\":0,\"transform\":{\"skX\":10.86,\"skY\":10.86},\"duration\":5},{\"transform\":{},\"duration\":0}],\"name\":\"hand_left\"},{\"frame\":[{\"tweenEasing\":0,\"transform\":{},\"duration\":5},{\"tweenEasing\":0,\"transform\":{\"skX\":-10.7978,\"skY\":-10.7978},\"duration\":5},{\"tweenEasing\":0,\"transform\":{},\"duration\":5},{\"tweenEasing\":0,\"transform\":{\"skX\":-10.7978,\"skY\":-10.7978},\"duration\":5},{\"transform\":{},\"duration\":0}],\"name\":\"hand_right\"},{\"frame\":[{\"transform\":{},\"duration\":20}],\"name\":\"eye_right1\"},{\"frame\":[{\"transform\":{},\"duration\":20}],\"name\":\"eye_left\"},{\"frame\":[{\"tweenEasing\":0,\"transform\":{\"skX\":-7.8415,\"skY\":-7.8415},\"duration\":5},{\"tweenEasing\":0,\"transform\":{\"skX\":-12.5221,\"skY\":-12.5221},\"duration\":5},{\"tweenEasing\":0,\"transform\":{\"skX\":-7.8415,\"skY\":-7.8415},\"duration\":5},{\"tweenEasing\":0,\"transform\":{\"skX\":-12.5221,\"skY\":-12.5221},\"duration\":5},{\"transform\":{\"skX\":-7.8415,\"skY\":-7.8415},\"duration\":0}],\"name\":\"body21\"},{\"frame\":[{\"tweenEasing\":0,\"transform\":{\"skX\":-7.8415,\"skY\":-7.8415},\"duration\":5},{\"tweenEasing\":0,\"transform\":{\"skX\":-12.5221,\"skY\":-12.5221},\"duration\":5},{\"tweenEasing\":0,\"transform\":{\"skX\":-7.8415,\"skY\":-7.8415},\"duration\":5},{\"tweenEasing\":0,\"transform\":{\"skX\":-12.5221,\"skY\":-12.5221},\"duration\":5},{\"transform\":{\"skX\":-7.8415,\"skY\":-7.8415},\"duration\":0}],\"name\":\"body22\"}],\"playTimes\":0,\"frame\":[],\"ffd\":[],\"slot\":[],\"name\":\"idle\",\"ik\":[],\"duration\":20}],\"aabb\":{\"x\":-36.64403991112374,\"y\":-32.474541683381794,\"width\":67.89336763082913,\"height\":61.08580498699684},\"defaultActions\":[{\"gotoAndPlay\":\"idle\"}]}]}"
}