[
  {
    "__type__": "cc.BitmapFont",
    "_name": "enligsh-chinese",
    "spriteFrame": {
      "__uuid__": "977b+CqBJAa4IHS+iruUCh"
    },
    "fontSize": 40,
    "_fntConfig": {
      "commonHeight": 43,
      "fontSize": 40,
      "atlasName": "enligsh-chinese.png",
      "fontDefDictionary": {
        "32": {
          "rect": {
            "x": 261,
            "y": 151,
            "width": 0,
            "height": 0
          },
          "xOffset": 0,
          "yOffset": 37,
          "xAdvance": 20
        },
        "33": {
          "rect": {
            "x": 368,
            "y": 82,
            "width": 10,
            "height": 33
          },
          "xOffset": 7,
          "yOffset": 4,
          "xAdvance": 20
        },
        "34": {
          "rect": {
            "x": 44,
            "y": 151,
            "width": 14,
            "height": 15
          },
          "xOffset": 5,
          "yOffset": 0,
          "xAdvance": 20
        },
        "35": {
          "rect": {
            "x": 419,
            "y": 47,
            "width": 20,
            "height": 33
          },
          "xOffset": 2,
          "yOffset": 5,
          "xAdvance": 20
        },
        "36": {
          "rect": {
            "x": 231,
            "y": 2,
            "width": 21,
            "height": 39
          },
          "xOffset": 1,
          "yOffset": 1,
          "xAdvance": 20
        },
        "37": {
          "rect": {
            "x": 480,
            "y": 2,
            "width": 22,
            "height": 33
          },
          "xOffset": 1,
          "yOffset": 4,
          "xAdvance": 20
        },
        "38": {
          "rect": {
            "x": 74,
            "y": 47,
            "width": 21,
            "height": 33
          },
          "xOffset": 1,
          "yOffset": 4,
          "xAdvance": 20
        },
        "39": {
          "rect": {
            "x": 60,
            "y": 151,
            "width": 11,
            "height": 14
          },
          "xOffset": 6,
          "yOffset": 0,
          "xAdvance": 20
        },
        "40": {
          "rect": {
            "x": 10,
            "y": 2,
            "width": 15,
            "height": 40
          },
          "xOffset": 4,
          "yOffset": 1,
          "xAdvance": 20
        },
        "41": {
          "rect": {
            "x": 27,
            "y": 2,
            "width": 15,
            "height": 40
          },
          "xOffset": 4,
          "yOffset": 1,
          "xAdvance": 20
        },
        "42": {
          "rect": {
            "x": 212,
            "y": 117,
            "width": 23,
            "height": 26
          },
          "xOffset": 0,
          "yOffset": 8,
          "xAdvance": 20
        },
        "43": {
          "rect": {
            "x": 23,
            "y": 151,
            "width": 19,
            "height": 21
          },
          "xOffset": 2,
          "yOffset": 10,
          "xAdvance": 20
        },
        "44": {
          "rect": {
            "x": 107,
            "y": 151,
            "width": 9,
            "height": 13
          },
          "xOffset": 7,
          "yOffset": 28,
          "xAdvance": 20
        },
        "45": {
          "rect": {
            "x": 190,
            "y": 151,
            "width": 19,
            "height": 7
          },
          "xOffset": 2,
          "yOffset": 17,
          "xAdvance": 20
        },
        "46": {
          "rect": {
            "x": 137,
            "y": 151,
            "width": 9,
            "height": 9
          },
          "xOffset": 7,
          "yOffset": 28,
          "xAdvance": 20
        },
        "47": {
          "rect": {
            "x": 254,
            "y": 2,
            "width": 21,
            "height": 39
          },
          "xOffset": 1,
          "yOffset": 2,
          "xAdvance": 20
        },
        "48": {
          "rect": {
            "x": 176,
            "y": 82,
            "width": 18,
            "height": 33
          },
          "xOffset": 3,
          "yOffset": 4,
          "xAdvance": 20
        },
        "49": {
          "rect": {
            "x": 355,
            "y": 82,
            "width": 11,
            "height": 33
          },
          "xOffset": 6,
          "yOffset": 4,
          "xAdvance": 20
        },
        "50": {
          "rect": {
            "x": 196,
            "y": 82,
            "width": 18,
            "height": 33
          },
          "xOffset": 3,
          "yOffset": 3,
          "xAdvance": 20
        },
        "51": {
          "rect": {
            "x": 216,
            "y": 82,
            "width": 18,
            "height": 33
          },
          "xOffset": 3,
          "yOffset": 4,
          "xAdvance": 20
        },
        "52": {
          "rect": {
            "x": 441,
            "y": 47,
            "width": 20,
            "height": 33
          },
          "xOffset": 2,
          "yOffset": 4,
          "xAdvance": 20
        },
        "53": {
          "rect": {
            "x": 236,
            "y": 82,
            "width": 18,
            "height": 33
          },
          "xOffset": 3,
          "yOffset": 4,
          "xAdvance": 20
        },
        "54": {
          "rect": {
            "x": 256,
            "y": 82,
            "width": 18,
            "height": 33
          },
          "xOffset": 3,
          "yOffset": 4,
          "xAdvance": 20
        },
        "55": {
          "rect": {
            "x": 276,
            "y": 82,
            "width": 18,
            "height": 33
          },
          "xOffset": 3,
          "yOffset": 4,
          "xAdvance": 20
        },
        "56": {
          "rect": {
            "x": 296,
            "y": 82,
            "width": 18,
            "height": 33
          },
          "xOffset": 3,
          "yOffset": 4,
          "xAdvance": 20
        },
        "57": {
          "rect": {
            "x": 316,
            "y": 82,
            "width": 18,
            "height": 33
          },
          "xOffset": 3,
          "yOffset": 4,
          "xAdvance": 20
        },
        "58": {
          "rect": {
            "x": 495,
            "y": 117,
            "width": 10,
            "height": 24
          },
          "xOffset": 7,
          "yOffset": 13,
          "xAdvance": 20
        },
        "59": {
          "rect": {
            "x": 200,
            "y": 117,
            "width": 10,
            "height": 28
          },
          "xOffset": 7,
          "yOffset": 13,
          "xAdvance": 20
        },
        "60": {
          "rect": {
            "x": 47,
            "y": 117,
            "width": 20,
            "height": 31
          },
          "xOffset": 2,
          "yOffset": 5,
          "xAdvance": 20
        },
        "61": {
          "rect": {
            "x": 86,
            "y": 151,
            "width": 19,
            "height": 13
          },
          "xOffset": 2,
          "yOffset": 14,
          "xAdvance": 20
        },
        "62": {
          "rect": {
            "x": 69,
            "y": 117,
            "width": 20,
            "height": 31
          },
          "xOffset": 2,
          "yOffset": 5,
          "xAdvance": 20
        },
        "63": {
          "rect": {
            "x": 97,
            "y": 47,
            "width": 21,
            "height": 33
          },
          "xOffset": 1,
          "yOffset": 4,
          "xAdvance": 20
        },
        "64": {
          "rect": {
            "x": 120,
            "y": 47,
            "width": 21,
            "height": 33
          },
          "xOffset": 1,
          "yOffset": 4,
          "xAdvance": 20
        },
        "65": {
          "rect": {
            "x": 143,
            "y": 47,
            "width": 21,
            "height": 33
          },
          "xOffset": 1,
          "yOffset": 4,
          "xAdvance": 20
        },
        "66": {
          "rect": {
            "x": 451,
            "y": 82,
            "width": 21,
            "height": 32
          },
          "xOffset": 1,
          "yOffset": 4,
          "xAdvance": 20
        },
        "67": {
          "rect": {
            "x": 166,
            "y": 47,
            "width": 21,
            "height": 33
          },
          "xOffset": 1,
          "yOffset": 4,
          "xAdvance": 20
        },
        "68": {
          "rect": {
            "x": 474,
            "y": 82,
            "width": 21,
            "height": 32
          },
          "xOffset": 1,
          "yOffset": 4,
          "xAdvance": 20
        },
        "69": {
          "rect": {
            "x": 25,
            "y": 117,
            "width": 20,
            "height": 32
          },
          "xOffset": 2,
          "yOffset": 4,
          "xAdvance": 20
        },
        "70": {
          "rect": {
            "x": 463,
            "y": 47,
            "width": 20,
            "height": 33
          },
          "xOffset": 2,
          "yOffset": 4,
          "xAdvance": 20
        },
        "71": {
          "rect": {
            "x": 189,
            "y": 47,
            "width": 21,
            "height": 33
          },
          "xOffset": 1,
          "yOffset": 4,
          "xAdvance": 20
        },
        "72": {
          "rect": {
            "x": 485,
            "y": 47,
            "width": 20,
            "height": 33
          },
          "xOffset": 2,
          "yOffset": 4,
          "xAdvance": 20
        },
        "73": {
          "rect": {
            "x": 390,
            "y": 82,
            "width": 7,
            "height": 33
          },
          "xOffset": 8,
          "yOffset": 4,
          "xAdvance": 20
        },
        "74": {
          "rect": {
            "x": 212,
            "y": 47,
            "width": 21,
            "height": 33
          },
          "xOffset": 1,
          "yOffset": 4,
          "xAdvance": 20
        },
        "75": {
          "rect": {
            "x": 2,
            "y": 82,
            "width": 20,
            "height": 33
          },
          "xOffset": 2,
          "yOffset": 4,
          "xAdvance": 20
        },
        "76": {
          "rect": {
            "x": 24,
            "y": 82,
            "width": 20,
            "height": 33
          },
          "xOffset": 2,
          "yOffset": 3,
          "xAdvance": 20
        },
        "77": {
          "rect": {
            "x": 2,
            "y": 47,
            "width": 22,
            "height": 33
          },
          "xOffset": 1,
          "yOffset": 4,
          "xAdvance": 20
        },
        "78": {
          "rect": {
            "x": 46,
            "y": 82,
            "width": 20,
            "height": 33
          },
          "xOffset": 2,
          "yOffset": 4,
          "xAdvance": 20
        },
        "79": {
          "rect": {
            "x": 26,
            "y": 47,
            "width": 22,
            "height": 33
          },
          "xOffset": 1,
          "yOffset": 4,
          "xAdvance": 20
        },
        "80": {
          "rect": {
            "x": 235,
            "y": 47,
            "width": 21,
            "height": 33
          },
          "xOffset": 1,
          "yOffset": 4,
          "xAdvance": 20
        },
        "81": {
          "rect": {
            "x": 258,
            "y": 47,
            "width": 21,
            "height": 33
          },
          "xOffset": 1,
          "yOffset": 4,
          "xAdvance": 20
        },
        "82": {
          "rect": {
            "x": 281,
            "y": 47,
            "width": 21,
            "height": 33
          },
          "xOffset": 1,
          "yOffset": 4,
          "xAdvance": 20
        },
        "83": {
          "rect": {
            "x": 304,
            "y": 47,
            "width": 21,
            "height": 33
          },
          "xOffset": 1,
          "yOffset": 4,
          "xAdvance": 20
        },
        "84": {
          "rect": {
            "x": 50,
            "y": 47,
            "width": 22,
            "height": 33
          },
          "xOffset": 1,
          "yOffset": 4,
          "xAdvance": 20
        },
        "85": {
          "rect": {
            "x": 68,
            "y": 82,
            "width": 20,
            "height": 33
          },
          "xOffset": 2,
          "yOffset": 4,
          "xAdvance": 20
        },
        "86": {
          "rect": {
            "x": 327,
            "y": 47,
            "width": 21,
            "height": 33
          },
          "xOffset": 1,
          "yOffset": 4,
          "xAdvance": 20
        },
        "87": {
          "rect": {
            "x": 350,
            "y": 47,
            "width": 21,
            "height": 33
          },
          "xOffset": 1,
          "yOffset": 4,
          "xAdvance": 20
        },
        "88": {
          "rect": {
            "x": 373,
            "y": 47,
            "width": 21,
            "height": 33
          },
          "xOffset": 1,
          "yOffset": 4,
          "xAdvance": 20
        },
        "89": {
          "rect": {
            "x": 396,
            "y": 47,
            "width": 21,
            "height": 33
          },
          "xOffset": 1,
          "yOffset": 4,
          "xAdvance": 20
        },
        "90": {
          "rect": {
            "x": 2,
            "y": 117,
            "width": 21,
            "height": 32
          },
          "xOffset": 1,
          "yOffset": 4,
          "xAdvance": 20
        },
        "91": {
          "rect": {
            "x": 44,
            "y": 2,
            "width": 13,
            "height": 40
          },
          "xOffset": 5,
          "yOffset": 1,
          "xAdvance": 20
        },
        "92": {
          "rect": {
            "x": 277,
            "y": 2,
            "width": 21,
            "height": 39
          },
          "xOffset": 1,
          "yOffset": 2,
          "xAdvance": 20
        },
        "93": {
          "rect": {
            "x": 59,
            "y": 2,
            "width": 13,
            "height": 40
          },
          "xOffset": 5,
          "yOffset": 1,
          "xAdvance": 20
        },
        "94": {
          "rect": {
            "x": 118,
            "y": 151,
            "width": 17,
            "height": 9
          },
          "xOffset": 3,
          "yOffset": 2,
          "xAdvance": 20
        },
        "95": {
          "rect": {
            "x": 211,
            "y": 151,
            "width": 23,
            "height": 6
          },
          "xOffset": 0,
          "yOffset": 37,
          "xAdvance": 20
        },
        "96": {
          "rect": {
            "x": 73,
            "y": 151,
            "width": 11,
            "height": 14
          },
          "xOffset": 6,
          "yOffset": 0,
          "xAdvance": 20
        },
        "97": {
          "rect": {
            "x": 395,
            "y": 117,
            "width": 19,
            "height": 24
          },
          "xOffset": 2,
          "yOffset": 13,
          "xAdvance": 20
        },
        "98": {
          "rect": {
            "x": 90,
            "y": 82,
            "width": 20,
            "height": 33
          },
          "xOffset": 2,
          "yOffset": 4,
          "xAdvance": 20
        },
        "99": {
          "rect": {
            "x": 285,
            "y": 117,
            "width": 20,
            "height": 24
          },
          "xOffset": 2,
          "yOffset": 13,
          "xAdvance": 20
        },
        "100": {
          "rect": {
            "x": 112,
            "y": 82,
            "width": 20,
            "height": 33
          },
          "xOffset": 2,
          "yOffset": 4,
          "xAdvance": 20
        },
        "101": {
          "rect": {
            "x": 307,
            "y": 117,
            "width": 20,
            "height": 24
          },
          "xOffset": 2,
          "yOffset": 13,
          "xAdvance": 20
        },
        "102": {
          "rect": {
            "x": 336,
            "y": 82,
            "width": 17,
            "height": 33
          },
          "xOffset": 3,
          "yOffset": 4,
          "xAdvance": 20
        },
        "103": {
          "rect": {
            "x": 91,
            "y": 117,
            "width": 22,
            "height": 29
          },
          "xOffset": 1,
          "yOffset": 13,
          "xAdvance": 20
        },
        "104": {
          "rect": {
            "x": 134,
            "y": 82,
            "width": 19,
            "height": 33
          },
          "xOffset": 2,
          "yOffset": 4,
          "xAdvance": 20
        },
        "105": {
          "rect": {
            "x": 380,
            "y": 82,
            "width": 8,
            "height": 33
          },
          "xOffset": 8,
          "yOffset": 4,
          "xAdvance": 20
        },
        "106": {
          "rect": {
            "x": 381,
            "y": 2,
            "width": 13,
            "height": 38
          },
          "xOffset": 5,
          "yOffset": 4,
          "xAdvance": 20
        },
        "107": {
          "rect": {
            "x": 155,
            "y": 82,
            "width": 19,
            "height": 33
          },
          "xOffset": 2,
          "yOffset": 4,
          "xAdvance": 20
        },
        "108": {
          "rect": {
            "x": 399,
            "y": 82,
            "width": 7,
            "height": 33
          },
          "xOffset": 8,
          "yOffset": 4,
          "xAdvance": 20
        },
        "109": {
          "rect": {
            "x": 237,
            "y": 117,
            "width": 22,
            "height": 24
          },
          "xOffset": 1,
          "yOffset": 13,
          "xAdvance": 20
        },
        "110": {
          "rect": {
            "x": 416,
            "y": 117,
            "width": 19,
            "height": 24
          },
          "xOffset": 2,
          "yOffset": 13,
          "xAdvance": 20
        },
        "111": {
          "rect": {
            "x": 329,
            "y": 117,
            "width": 20,
            "height": 24
          },
          "xOffset": 2,
          "yOffset": 13,
          "xAdvance": 20
        },
        "112": {
          "rect": {
            "x": 115,
            "y": 117,
            "width": 20,
            "height": 29
          },
          "xOffset": 2,
          "yOffset": 13,
          "xAdvance": 20
        },
        "113": {
          "rect": {
            "x": 137,
            "y": 117,
            "width": 20,
            "height": 29
          },
          "xOffset": 2,
          "yOffset": 13,
          "xAdvance": 20
        },
        "114": {
          "rect": {
            "x": 479,
            "y": 117,
            "width": 14,
            "height": 24
          },
          "xOffset": 5,
          "yOffset": 13,
          "xAdvance": 20
        },
        "115": {
          "rect": {
            "x": 437,
            "y": 117,
            "width": 19,
            "height": 24
          },
          "xOffset": 2,
          "yOffset": 13,
          "xAdvance": 20
        },
        "116": {
          "rect": {
            "x": 181,
            "y": 117,
            "width": 17,
            "height": 28
          },
          "xOffset": 3,
          "yOffset": 8,
          "xAdvance": 20
        },
        "117": {
          "rect": {
            "x": 458,
            "y": 117,
            "width": 19,
            "height": 24
          },
          "xOffset": 2,
          "yOffset": 13,
          "xAdvance": 20
        },
        "118": {
          "rect": {
            "x": 351,
            "y": 117,
            "width": 20,
            "height": 24
          },
          "xOffset": 2,
          "yOffset": 13,
          "xAdvance": 20
        },
        "119": {
          "rect": {
            "x": 261,
            "y": 117,
            "width": 22,
            "height": 24
          },
          "xOffset": 1,
          "yOffset": 13,
          "xAdvance": 20
        },
        "120": {
          "rect": {
            "x": 373,
            "y": 117,
            "width": 20,
            "height": 24
          },
          "xOffset": 2,
          "yOffset": 13,
          "xAdvance": 20
        },
        "121": {
          "rect": {
            "x": 159,
            "y": 117,
            "width": 20,
            "height": 29
          },
          "xOffset": 2,
          "yOffset": 13,
          "xAdvance": 20
        },
        "122": {
          "rect": {
            "x": 2,
            "y": 151,
            "width": 19,
            "height": 23
          },
          "xOffset": 2,
          "yOffset": 13,
          "xAdvance": 20
        },
        "123": {
          "rect": {
            "x": 74,
            "y": 2,
            "width": 13,
            "height": 40
          },
          "xOffset": 5,
          "yOffset": 1,
          "xAdvance": 20
        },
        "124": {
          "rect": {
            "x": 2,
            "y": 2,
            "width": 6,
            "height": 43
          },
          "xOffset": 9,
          "yOffset": 0,
          "xAdvance": 20
        },
        "125": {
          "rect": {
            "x": 89,
            "y": 2,
            "width": 13,
            "height": 40
          },
          "xOffset": 5,
          "yOffset": 1,
          "xAdvance": 20
        },
        "126": {
          "rect": {
            "x": 236,
            "y": 151,
            "width": 23,
            "height": 6
          },
          "xOffset": 0,
          "yOffset": 0,
          "xAdvance": 20
        },
        "19968": {
          "rect": {
            "x": 148,
            "y": 151,
            "width": 40,
            "height": 7
          },
          "xOffset": 2,
          "yOffset": 16,
          "xAdvance": 40
        },
        "19971": {
          "rect": {
            "x": 300,
            "y": 2,
            "width": 40,
            "height": 38
          },
          "xOffset": 1,
          "yOffset": 1,
          "xAdvance": 40
        },
        "19977": {
          "rect": {
            "x": 439,
            "y": 2,
            "width": 39,
            "height": 36
          },
          "xOffset": 2,
          "yOffset": 3,
          "xAdvance": 40
        },
        "20061": {
          "rect": {
            "x": 189,
            "y": 2,
            "width": 40,
            "height": 39
          },
          "xOffset": 2,
          "yOffset": 2,
          "xAdvance": 40
        },
        "20108": {
          "rect": {
            "x": 408,
            "y": 82,
            "width": 41,
            "height": 32
          },
          "xOffset": 1,
          "yOffset": 6,
          "xAdvance": 40
        },
        "20116": {
          "rect": {
            "x": 396,
            "y": 2,
            "width": 41,
            "height": 37
          },
          "xOffset": 1,
          "yOffset": 2,
          "xAdvance": 40
        },
        "20843": {
          "rect": {
            "x": 104,
            "y": 2,
            "width": 41,
            "height": 39
          },
          "xOffset": 1,
          "yOffset": 2,
          "xAdvance": 40
        },
        "20845": {
          "rect": {
            "x": 147,
            "y": 2,
            "width": 40,
            "height": 39
          },
          "xOffset": 2,
          "yOffset": 1,
          "xAdvance": 40
        },
        "22235": {
          "rect": {
            "x": 342,
            "y": 2,
            "width": 37,
            "height": 38
          },
          "xOffset": 3,
          "yOffset": 3,
          "xAdvance": 40
        }
      },
      "kerningDict": {}
    }
  },
  {
    "__type__": "cc.SpriteFrame",
    "content": {
      "name": "enligsh-chinese",
      "texture": "cauWM0KElBE7coeQS4kmpp",
      "rect": [
        3,
        2,
        501,
        171
      ],
      "offset": [
        -2.5,
        40.5
      ],
      "originalSize": [
        512,
        256
      ]
    }
  }
]