{
  "__type__": "dragonBones.DragonBonesAsset",
  "_name": "role2_ske",
  "_dragonBonesJson": "{\"frameRate\":24,\"version\":\"4.5\",\"armature\":[{\"frameRate\":24,\"defaultActions\":[{\"gotoAndPlay\":\"walk\"}],\"slot\":[{\"color\":{},\"name\":\"shadow\",\"parent\":\"shadow\"},{\"z\":1,\"color\":{},\"name\":\"leg-right\",\"parent\":\"leg-right\"},{\"z\":2,\"color\":{},\"name\":\"hand-right\",\"parent\":\"root\"},{\"z\":3,\"color\":{},\"name\":\"leg-left\",\"parent\":\"leg-left4\"},{\"z\":4,\"color\":{},\"name\":\"kuzi\",\"parent\":\"root\"},{\"z\":5,\"color\":{},\"name\":\"body\",\"parent\":\"root\"},{\"z\":6,\"color\":{},\"name\":\"head\",\"parent\":\"head\"},{\"z\":7,\"color\":{},\"name\":\"zui\",\"parent\":\"zui\"},{\"z\":8,\"color\":{},\"name\":\"eye\",\"parent\":\"eye\"},{\"z\":9,\"color\":{},\"name\":\"hand-left\",\"parent\":\"root\"},{\"z\":10,\"color\":{},\"name\":\"daji\",\"parent\":\"daji\",\"displayIndex\":-1}],\"animation\":[{\"duration\":40,\"ffd\":[],\"playTimes\":0,\"frame\":[],\"slot\":[],\"bone\":[{\"name\":\"root\",\"frame\":[{\"duration\":40,\"transform\":{}}]},{\"name\":\"shadow\",\"frame\":[{\"duration\":40,\"transform\":{}}]},{\"name\":\"daji\",\"frame\":[{\"duration\":40,\"transform\":{}}]},{\"name\":\"body\",\"frame\":[{\"duration\":40,\"transform\":{}}]},{\"name\":\"body1\",\"frame\":[{\"duration\":40,\"transform\":{}}]},{\"name\":\"hand-left\",\"frame\":[{\"duration\":40,\"transform\":{}}]},{\"name\":\"hand-left1\",\"frame\":[{\"duration\":40,\"transform\":{}}]},{\"name\":\"hand-left2\",\"frame\":[{\"duration\":40,\"transform\":{}}]},{\"name\":\"hand-right\",\"frame\":[{\"duration\":40,\"transform\":{}}]},{\"name\":\"hand-right1\",\"frame\":[{\"duration\":40,\"transform\":{}}]},{\"name\":\"hand-right2\",\"frame\":[{\"duration\":40,\"transform\":{}}]},{\"name\":\"leg-left\",\"frame\":[{\"duration\":40,\"transform\":{}}]},{\"name\":\"leg-left1\",\"frame\":[{\"duration\":40,\"transform\":{}}]},{\"name\":\"leg-left2\",\"frame\":[{\"duration\":40,\"transform\":{}}]},{\"name\":\"leg-left3\",\"frame\":[{\"duration\":40,\"transform\":{}}]},{\"name\":\"leg-left4\",\"frame\":[{\"duration\":40,\"transform\":{}}]},{\"name\":\"leg-right\",\"frame\":[{\"duration\":40,\"transform\":{}}]},{\"name\":\"head\",\"frame\":[{\"duration\":10,\"transform\":{},\"tweenEasing\":0},{\"duration\":10,\"transform\":{\"skX\":-4.8738,\"skY\":-4.8738},\"tweenEasing\":0},{\"duration\":10,\"transform\":{},\"tweenEasing\":0},{\"duration\":10,\"transform\":{\"skX\":-4.8738,\"skY\":-4.8738},\"tweenEasing\":0},{\"duration\":0,\"transform\":{}}]},{\"name\":\"zui\",\"frame\":[{\"duration\":10,\"transform\":{},\"tweenEasing\":0},{\"duration\":10,\"transform\":{\"scX\":0.8941,\"scY\":0.8941},\"tweenEasing\":0},{\"duration\":10,\"transform\":{},\"tweenEasing\":0},{\"duration\":10,\"transform\":{\"scX\":0.8941,\"scY\":0.8941},\"tweenEasing\":0},{\"duration\":0,\"transform\":{}}]},{\"name\":\"eye\",\"frame\":[{\"duration\":24,\"transform\":{}},{\"duration\":2,\"transform\":{},\"tweenEasing\":0},{\"duration\":2,\"transform\":{\"scX\":0.0206},\"tweenEasing\":0},{\"duration\":12,\"transform\":{}}]},{\"name\":\"hand-L_ikTarget\",\"frame\":[{\"duration\":10,\"transform\":{\"y\":32.6926,\"x\":6.70875},\"tweenEasing\":0},{\"duration\":10,\"transform\":{\"y\":12.5484,\"x\":1.7406},\"tweenEasing\":0},{\"duration\":10,\"transform\":{\"y\":32.6926,\"x\":6.70875},\"tweenEasing\":0},{\"duration\":10,\"transform\":{\"y\":12.5484,\"x\":1.7406},\"tweenEasing\":0},{\"duration\":0,\"transform\":{\"y\":32.6926,\"x\":6.70875}}]},{\"name\":\"hand-R_ikTarget1\",\"frame\":[{\"duration\":10,\"transform\":{\"y\":-7.77465,\"x\":1.4578},\"tweenEasing\":0},{\"duration\":10,\"transform\":{\"y\":4.33225,\"x\":8.2096},\"tweenEasing\":0},{\"duration\":10,\"transform\":{\"y\":-7.77465,\"x\":1.4578},\"tweenEasing\":0},{\"duration\":10,\"transform\":{\"y\":4.33225,\"x\":8.2096},\"tweenEasing\":0},{\"duration\":0,\"transform\":{\"y\":-7.77465,\"x\":1.4578}}]},{\"name\":\"leg-L_ikTarget2\",\"frame\":[{\"duration\":5,\"transform\":{\"y\":-16.7368,\"x\":14.9839},\"tweenEasing\":0},{\"duration\":5,\"transform\":{\"y\":-0.85985,\"x\":13.0396},\"tweenEasing\":0},{\"duration\":5,\"transform\":{\"y\":27.38315,\"x\":2.6772},\"tweenEasing\":0},{\"duration\":5,\"transform\":{\"y\":0.0711,\"x\":6.3282},\"tweenEasing\":0},{\"duration\":5,\"transform\":{\"y\":-16.7368,\"x\":14.9839},\"tweenEasing\":0},{\"duration\":5,\"transform\":{\"y\":-0.85985,\"x\":13.0396},\"tweenEasing\":0},{\"duration\":5,\"transform\":{\"y\":27.38315,\"x\":2.6772},\"tweenEasing\":0},{\"duration\":5,\"transform\":{\"y\":0.0711,\"x\":6.3282},\"tweenEasing\":0},{\"duration\":0,\"transform\":{\"y\":-16.7368,\"x\":14.9839}}]},{\"name\":\"leg-R_ikTarget3\",\"frame\":[{\"duration\":10,\"transform\":{\"y\":24.65275,\"x\":1.2974},\"tweenEasing\":0},{\"duration\":5,\"transform\":{\"y\":-14.8101,\"x\":14.36745},\"tweenEasing\":0},{\"duration\":5,\"transform\":{\"y\":10.09735,\"x\":11.8452},\"tweenEasing\":0},{\"duration\":10,\"transform\":{\"y\":24.65275,\"x\":1.2974},\"tweenEasing\":0},{\"duration\":5,\"transform\":{\"y\":-14.8101,\"x\":14.36745},\"tweenEasing\":0},{\"duration\":5,\"transform\":{\"y\":10.09735,\"x\":11.8452},\"tweenEasing\":0},{\"duration\":0,\"transform\":{\"y\":24.65275,\"x\":1.2974}}]},{\"name\":\"role\",\"frame\":[{\"duration\":5,\"transform\":{\"skX\":6.5293,\"y\":-6.96685,\"skY\":6.5293},\"tweenEasing\":0},{\"duration\":5,\"transform\":{\"skX\":6.5293,\"y\":8.128,\"skY\":6.5293},\"tweenEasing\":0},{\"duration\":5,\"transform\":{\"skX\":6.5293,\"y\":-6.96685,\"skY\":6.5293},\"tweenEasing\":0},{\"duration\":5,\"transform\":{\"skX\":6.5293,\"y\":8.128,\"skY\":6.5293},\"tweenEasing\":0},{\"duration\":5,\"transform\":{\"skX\":6.5293,\"y\":-6.96685,\"skY\":6.5293},\"tweenEasing\":0},{\"duration\":5,\"transform\":{\"skX\":6.5293,\"y\":8.128,\"skY\":6.5293},\"tweenEasing\":0},{\"duration\":5,\"transform\":{\"skX\":6.5293,\"y\":-6.96685,\"skY\":6.5293},\"tweenEasing\":0},{\"duration\":5,\"transform\":{\"skX\":6.5293,\"y\":8.128,\"skY\":6.5293},\"tweenEasing\":0},{\"duration\":0,\"transform\":{\"skX\":6.5293,\"y\":-6.96685,\"skY\":6.5293}}]}],\"ik\":[{\"scale\":1,\"name\":\"bone_ik1\",\"offset\":0,\"frame\":[{\"duration\":20,\"weight\":1,\"bendPositive\":false,\"tweenEasing\":0},{\"duration\":20,\"weight\":1,\"bendPositive\":false,\"tweenEasing\":null}]},{\"scale\":1,\"name\":\"bone_ik2\",\"offset\":0,\"frame\":[{\"duration\":20,\"weight\":1,\"bendPositive\":true,\"tweenEasing\":0},{\"duration\":20,\"weight\":1,\"bendPositive\":true,\"tweenEasing\":null}]},{\"scale\":1,\"name\":\"bone_ik3\",\"offset\":0,\"frame\":[{\"duration\":20,\"weight\":1,\"bendPositive\":true,\"tweenEasing\":0},{\"duration\":20,\"weight\":1,\"bendPositive\":true,\"tweenEasing\":0},{\"duration\":0,\"weight\":1,\"bendPositive\":true,\"tweenEasing\":null}]}],\"name\":\"walk\"},{\"duration\":60,\"ffd\":[],\"playTimes\":0,\"frame\":[],\"slot\":[],\"bone\":[{\"name\":\"root\",\"frame\":[{\"duration\":60,\"transform\":{}}]},{\"name\":\"shadow\",\"frame\":[{\"duration\":60,\"transform\":{}}]},{\"name\":\"daji\",\"frame\":[{\"duration\":60,\"transform\":{}}]},{\"name\":\"role\",\"frame\":[{\"duration\":60,\"transform\":{}}]},{\"name\":\"body\",\"frame\":[{\"duration\":60,\"transform\":{}}]},{\"name\":\"leg-L_ikTarget2\",\"frame\":[{\"duration\":60,\"transform\":{}}]},{\"name\":\"hand-L_ikTarget\",\"frame\":[{\"duration\":15,\"transform\":{},\"tweenEasing\":0},{\"duration\":15,\"transform\":{\"y\":-1.7108,\"x\":1.631},\"tweenEasing\":0},{\"duration\":15,\"transform\":{},\"tweenEasing\":0},{\"duration\":15,\"transform\":{\"y\":-1.7108,\"x\":1.631},\"tweenEasing\":0},{\"duration\":0,\"transform\":{}}]},{\"name\":\"hand-R_ikTarget1\",\"frame\":[{\"duration\":15,\"transform\":{},\"tweenEasing\":0},{\"duration\":15,\"transform\":{\"y\":4.41585,\"x\":1.7773},\"tweenEasing\":0},{\"duration\":15,\"transform\":{},\"tweenEasing\":0},{\"duration\":15,\"transform\":{\"y\":4.41585,\"x\":1.7773},\"tweenEasing\":0},{\"duration\":0,\"transform\":{}}]},{\"name\":\"leg-left3\",\"frame\":[{\"duration\":60,\"transform\":{}}]},{\"name\":\"leg-left\",\"frame\":[{\"duration\":60,\"transform\":{}}]},{\"name\":\"body1\",\"frame\":[{\"duration\":60,\"transform\":{}}]},{\"name\":\"leg-R_ikTarget3\",\"frame\":[{\"duration\":60,\"transform\":{}}]},{\"name\":\"hand-left\",\"frame\":[{\"duration\":60,\"transform\":{}}]},{\"name\":\"hand-right\",\"frame\":[{\"duration\":60,\"transform\":{}}]},{\"name\":\"head\",\"frame\":[{\"duration\":15,\"transform\":{},\"tweenEasing\":0},{\"duration\":15,\"transform\":{\"skX\":-3.1729,\"skY\":-3.1729},\"tweenEasing\":0},{\"duration\":15,\"transform\":{},\"tweenEasing\":0},{\"duration\":15,\"transform\":{\"skX\":-3.1729,\"skY\":-3.1729},\"tweenEasing\":0},{\"duration\":0,\"transform\":{}}]},{\"name\":\"leg-left1\",\"frame\":[{\"duration\":60,\"transform\":{}}]},{\"name\":\"leg-left4\",\"frame\":[{\"duration\":60,\"transform\":{}}]},{\"name\":\"hand-left1\",\"frame\":[{\"duration\":60,\"transform\":{}}]},{\"name\":\"hand-right1\",\"frame\":[{\"duration\":60,\"transform\":{}}]},{\"name\":\"zui\",\"frame\":[{\"duration\":15,\"transform\":{},\"tweenEasing\":0},{\"duration\":15,\"transform\":{\"scX\":0.7493,\"scY\":1.0769},\"tweenEasing\":0},{\"duration\":15,\"transform\":{},\"tweenEasing\":0},{\"duration\":15,\"transform\":{\"scX\":0.7493,\"scY\":1.0769},\"tweenEasing\":0},{\"duration\":0,\"transform\":{}}]},{\"name\":\"eye\",\"frame\":[{\"duration\":36,\"transform\":{}},{\"duration\":2,\"transform\":{},\"tweenEasing\":0},{\"duration\":2,\"transform\":{\"scX\":0.01},\"tweenEasing\":0},{\"duration\":20,\"transform\":{}}]},{\"name\":\"leg-left2\",\"frame\":[{\"duration\":60,\"transform\":{}}]},{\"name\":\"leg-right\",\"frame\":[{\"duration\":60,\"transform\":{}}]},{\"name\":\"hand-left2\",\"frame\":[{\"duration\":60,\"transform\":{}}]},{\"name\":\"hand-right2\",\"frame\":[{\"duration\":60,\"transform\":{}}]}],\"ik\":[],\"name\":\"idle\"},{\"duration\":30,\"ffd\":[],\"playTimes\":0,\"frame\":[],\"slot\":[],\"bone\":[{\"name\":\"root\",\"frame\":[{\"duration\":30,\"transform\":{}}]},{\"name\":\"shadow\",\"frame\":[{\"duration\":30,\"transform\":{}}]},{\"name\":\"daji\",\"frame\":[{\"duration\":30,\"transform\":{}}]},{\"name\":\"role\",\"frame\":[{\"duration\":10,\"transform\":{}},{\"duration\":20,\"transform\":{}}]},{\"name\":\"body\",\"frame\":[{\"duration\":4,\"transform\":{},\"tweenEasing\":0},{\"duration\":11,\"transform\":{\"skX\":8.4119,\"y\":8.0022,\"skY\":8.4119},\"tweenEasing\":0},{\"duration\":11,\"transform\":{\"skX\":-5.8534,\"y\":-1.7689,\"skY\":-5.8534},\"tweenEasing\":0},{\"duration\":4,\"transform\":{\"skX\":8.4119,\"y\":8.0022,\"skY\":8.4119},\"tweenEasing\":0},{\"duration\":0,\"transform\":{}}]},{\"name\":\"leg-L_ikTarget2\",\"frame\":[{\"duration\":4,\"transform\":{},\"tweenEasing\":0},{\"duration\":2,\"transform\":{\"y\":-0.10455,\"x\":4.37795},\"tweenEasing\":0},{\"duration\":9,\"transform\":{\"y\":-8.2866,\"x\":-0.56725},\"tweenEasing\":0},{\"duration\":9,\"transform\":{\"y\":-45.0852,\"x\":9.8425},\"tweenEasing\":0},{\"duration\":2,\"transform\":{\"y\":-8.2866,\"x\":-0.56725},\"tweenEasing\":0},{\"duration\":4,\"transform\":{\"y\":-0.10455,\"x\":4.37795},\"tweenEasing\":0},{\"duration\":0,\"transform\":{}}]},{\"name\":\"hand-L_ikTarget\",\"frame\":[{\"duration\":4,\"transform\":{},\"tweenEasing\":0},{\"duration\":1,\"transform\":{\"y\":-6.6866,\"x\":6.00035},\"tweenEasing\":0},{\"duration\":1,\"transform\":{\"y\":29.04535,\"x\":10.75035},\"tweenEasing\":0},{\"duration\":9,\"transform\":{\"y\":62.2159,\"x\":104.36965},\"tweenEasing\":0},{\"duration\":9,\"transform\":{\"y\":14.2542,\"x\":123.5426},\"tweenEasing\":0},{\"duration\":1,\"transform\":{\"y\":62.2159,\"x\":104.36965},\"tweenEasing\":0},{\"duration\":1,\"transform\":{\"y\":29.04535,\"x\":10.75035},\"tweenEasing\":0},{\"duration\":4,\"transform\":{\"y\":-6.6866,\"x\":6.00035},\"tweenEasing\":0},{\"duration\":0,\"transform\":{}}]},{\"name\":\"hand-R_ikTarget1\",\"frame\":[{\"duration\":4,\"transform\":{},\"tweenEasing\":0},{\"duration\":1,\"transform\":{\"y\":11.3876,\"x\":4.65235},\"tweenEasing\":0},{\"duration\":2,\"transform\":{\"y\":33.4233,\"x\":29.0914},\"tweenEasing\":0},{\"duration\":8,\"transform\":{\"y\":40.40495,\"x\":72.43765},\"tweenEasing\":0},{\"duration\":8,\"transform\":{\"y\":13.23705,\"x\":107.01835},\"tweenEasing\":0},{\"duration\":2,\"transform\":{\"y\":40.40495,\"x\":72.43765},\"tweenEasing\":0},{\"duration\":1,\"transform\":{\"y\":33.4233,\"x\":29.0914},\"tweenEasing\":0},{\"duration\":4,\"transform\":{\"y\":11.3876,\"x\":4.65235},\"tweenEasing\":0},{\"duration\":0,\"transform\":{}}]},{\"name\":\"leg-left3\",\"frame\":[{\"duration\":30,\"transform\":{}}]},{\"name\":\"leg-left\",\"frame\":[{\"duration\":30,\"transform\":{}}]},{\"name\":\"body1\",\"frame\":[{\"duration\":30,\"transform\":{}}]},{\"name\":\"leg-R_ikTarget3\",\"frame\":[{\"duration\":4,\"transform\":{},\"tweenEasing\":0},{\"duration\":2,\"transform\":{\"y\":-0.10455,\"x\":4.37795},\"tweenEasing\":0},{\"duration\":9,\"transform\":{\"y\":-0.10455,\"x\":4.37795},\"tweenEasing\":0},{\"duration\":9,\"transform\":{\"y\":3.8375,\"x\":12.1027},\"tweenEasing\":0},{\"duration\":2,\"transform\":{\"y\":-0.10455,\"x\":4.37795},\"tweenEasing\":0},{\"duration\":4,\"transform\":{\"y\":-0.10455,\"x\":4.37795},\"tweenEasing\":0},{\"duration\":0,\"transform\":{}}]},{\"name\":\"hand-left\",\"frame\":[{\"duration\":30,\"transform\":{}}]},{\"name\":\"hand-right\",\"frame\":[{\"duration\":30,\"transform\":{}}]},{\"name\":\"head\",\"frame\":[{\"duration\":4,\"transform\":{},\"tweenEasing\":0},{\"duration\":11,\"transform\":{\"skX\":8.4654,\"skY\":8.4654},\"tweenEasing\":0},{\"duration\":11,\"transform\":{\"skX\":-9.8404,\"skY\":-9.8404},\"tweenEasing\":0},{\"duration\":4,\"transform\":{\"skX\":8.4654,\"skY\":8.4654},\"tweenEasing\":0},{\"duration\":0,\"transform\":{}}]},{\"name\":\"leg-left1\",\"frame\":[{\"duration\":30,\"transform\":{}}]},{\"name\":\"leg-left4\",\"frame\":[{\"duration\":30,\"transform\":{}}]},{\"name\":\"hand-left1\",\"frame\":[{\"duration\":30,\"transform\":{}}]},{\"name\":\"hand-right1\",\"frame\":[{\"duration\":30,\"transform\":{}}]},{\"name\":\"zui\",\"frame\":[{\"duration\":30,\"transform\":{}}]},{\"name\":\"eye\",\"frame\":[{\"duration\":30,\"transform\":{}}]},{\"name\":\"leg-left2\",\"frame\":[{\"duration\":30,\"transform\":{}}]},{\"name\":\"leg-right\",\"frame\":[{\"duration\":30,\"transform\":{}}]},{\"name\":\"hand-left2\",\"frame\":[{\"duration\":30,\"transform\":{}}]},{\"name\":\"hand-right2\",\"frame\":[{\"duration\":30,\"transform\":{}}]}],\"ik\":[{\"scale\":1,\"name\":\"bone_ik3\",\"offset\":0,\"frame\":[{\"duration\":4,\"weight\":1,\"bendPositive\":true,\"tweenEasing\":0},{\"duration\":22,\"weight\":1,\"bendPositive\":true,\"tweenEasing\":0},{\"duration\":4,\"weight\":1,\"bendPositive\":true,\"tweenEasing\":0},{\"duration\":0,\"weight\":1,\"bendPositive\":true,\"tweenEasing\":null}]},{\"scale\":1,\"name\":\"bone_ik2\",\"offset\":0,\"frame\":[{\"duration\":4,\"weight\":1,\"bendPositive\":true,\"tweenEasing\":0},{\"duration\":22,\"weight\":1,\"bendPositive\":true,\"tweenEasing\":0},{\"duration\":4,\"weight\":1,\"bendPositive\":true,\"tweenEasing\":0},{\"duration\":0,\"weight\":1,\"bendPositive\":true,\"tweenEasing\":null}]}],\"name\":\"jump\"},{\"duration\":40,\"ffd\":[],\"playTimes\":0,\"frame\":[],\"slot\":[{\"name\":\"daji\",\"frame\":[{\"duration\":32,\"displayIndex\":-1,\"tweenEasing\":null},{\"duration\":3,\"tweenEasing\":null},{\"duration\":3,\"tweenEasing\":0},{\"duration\":2,\"color\":{\"aM\":0},\"tweenEasing\":null}]}],\"bone\":[{\"name\":\"root\",\"frame\":[{\"duration\":40,\"transform\":{}}]},{\"name\":\"shadow\",\"frame\":[{\"duration\":5,\"transform\":{\"scX\":0.8422,\"scY\":0.8422},\"tweenEasing\":0},{\"duration\":5,\"transform\":{},\"tweenEasing\":0},{\"duration\":5,\"transform\":{\"scX\":0.8422,\"scY\":0.8422},\"tweenEasing\":0},{\"duration\":5,\"transform\":{},\"tweenEasing\":0},{\"duration\":5,\"transform\":{\"scX\":0.8422,\"scY\":0.8422},\"tweenEasing\":0},{\"duration\":5,\"transform\":{},\"tweenEasing\":0},{\"duration\":5,\"transform\":{\"scX\":0.8422,\"scY\":0.8422},\"tweenEasing\":0},{\"duration\":5,\"transform\":{},\"tweenEasing\":0},{\"duration\":0,\"transform\":{\"scX\":0.8422,\"scY\":0.8422}}]},{\"name\":\"daji\",\"frame\":[{\"duration\":32,\"transform\":{}},{\"duration\":6,\"transform\":{\"y\":-3.9621,\"x\":32.78645},\"tweenEasing\":0},{\"duration\":2,\"transform\":{\"y\":-3.9621,\"scX\":1.5,\"scY\":1.5,\"x\":32.78645}}]},{\"name\":\"body\",\"frame\":[{\"duration\":27,\"transform\":{},\"tweenEasing\":0},{\"duration\":3,\"transform\":{},\"tweenEasing\":0},{\"duration\":1,\"transform\":{\"skX\":-8.6719,\"skY\":-8.6719},\"tweenEasing\":0},{\"duration\":7,\"transform\":{\"skX\":10.2592,\"skY\":10.2592},\"tweenEasing\":0},{\"duration\":2,\"transform\":{},\"tweenEasing\":0},{\"duration\":0,\"transform\":{}}]},{\"name\":\"body1\",\"frame\":[{\"duration\":40,\"transform\":{}}]},{\"name\":\"hand-left\",\"frame\":[{\"duration\":40,\"transform\":{}}]},{\"name\":\"hand-left1\",\"frame\":[{\"duration\":40,\"transform\":{}}]},{\"name\":\"hand-left2\",\"frame\":[{\"duration\":40,\"transform\":{}}]},{\"name\":\"hand-right\",\"frame\":[{\"duration\":40,\"transform\":{}}]},{\"name\":\"hand-right1\",\"frame\":[{\"duration\":40,\"transform\":{}}]},{\"name\":\"hand-right2\",\"frame\":[{\"duration\":40,\"transform\":{}}]},{\"name\":\"leg-left\",\"frame\":[{\"duration\":40,\"transform\":{}}]},{\"name\":\"leg-left1\",\"frame\":[{\"duration\":40,\"transform\":{}}]},{\"name\":\"leg-left2\",\"frame\":[{\"duration\":40,\"transform\":{}}]},{\"name\":\"leg-left3\",\"frame\":[{\"duration\":40,\"transform\":{}}]},{\"name\":\"leg-left4\",\"frame\":[{\"duration\":40,\"transform\":{}}]},{\"name\":\"leg-right\",\"frame\":[{\"duration\":40,\"transform\":{}}]},{\"name\":\"head\",\"frame\":[{\"duration\":10,\"transform\":{},\"tweenEasing\":0},{\"duration\":10,\"transform\":{\"skX\":-4.8738,\"skY\":-4.8738},\"tweenEasing\":0},{\"duration\":8,\"transform\":{},\"tweenEasing\":0},{\"duration\":2,\"transform\":{},\"tweenEasing\":0},{\"duration\":2,\"transform\":{\"skX\":-8.6719,\"skY\":-8.6719},\"tweenEasing\":0},{\"duration\":2,\"transform\":{\"skX\":10.2592,\"skY\":10.2592},\"tweenEasing\":0},{\"duration\":6,\"transform\":{},\"tweenEasing\":0},{\"duration\":0,\"transform\":{}}]},{\"name\":\"zui\",\"frame\":[{\"duration\":10,\"transform\":{},\"tweenEasing\":0},{\"duration\":10,\"transform\":{\"scX\":0.8941,\"scY\":0.8941},\"tweenEasing\":0},{\"duration\":10,\"transform\":{},\"tweenEasing\":0},{\"duration\":10,\"transform\":{\"scX\":0.8941,\"scY\":0.8941},\"tweenEasing\":0},{\"duration\":0,\"transform\":{}}]},{\"name\":\"eye\",\"frame\":[{\"duration\":30,\"transform\":{}},{\"duration\":2,\"transform\":{},\"tweenEasing\":0},{\"duration\":2,\"transform\":{\"scX\":0.0206},\"tweenEasing\":0},{\"duration\":6,\"transform\":{}}]},{\"name\":\"hand-L_ikTarget\",\"frame\":[{\"duration\":10,\"transform\":{\"y\":-16.0241,\"x\":0.6824},\"tweenEasing\":0},{\"duration\":10,\"transform\":{\"y\":-7.68595,\"x\":-2.6607},\"tweenEasing\":0},{\"duration\":7,\"transform\":{\"y\":-16.0241,\"x\":0.6824},\"tweenEasing\":0},{\"duration\":3,\"transform\":{\"y\":-10.1874,\"x\":-1.65775},\"tweenEasing\":0},{\"duration\":1,\"transform\":{\"y\":-30.9059,\"x\":23.1869},\"tweenEasing\":0},{\"duration\":4,\"transform\":{\"y\":74.39295,\"x\":91.123},\"tweenEasing\":0},{\"duration\":3,\"transform\":{\"y\":81.39575,\"x\":85.0092},\"tweenEasing\":0},{\"duration\":1,\"transform\":{\"y\":72.3396,\"x\":97.78635},\"tweenEasing\":0},{\"duration\":1,\"transform\":{\"y\":7.45745,\"x\":-2.46195},\"tweenEasing\":0},{\"duration\":0,\"transform\":{\"y\":-16.0241,\"x\":0.6824}}]},{\"name\":\"hand-R_ikTarget1\",\"frame\":[{\"duration\":10,\"transform\":{\"y\":-7.77465,\"x\":1.4578},\"tweenEasing\":0},{\"duration\":10,\"transform\":{\"y\":4.33225,\"x\":8.2096},\"tweenEasing\":0},{\"duration\":8,\"transform\":{\"y\":-7.77465,\"x\":1.4578},\"tweenEasing\":0},{\"duration\":2,\"transform\":{\"y\":1.91085,\"x\":6.85925},\"tweenEasing\":0},{\"duration\":2,\"transform\":{\"y\":23.01115,\"x\":31.96325},\"tweenEasing\":0},{\"duration\":2,\"transform\":{\"y\":-64.86545,\"x\":1.58925},\"tweenEasing\":0},{\"duration\":6,\"transform\":{\"y\":4.0368,\"x\":8.79825},\"tweenEasing\":0},{\"duration\":0,\"transform\":{\"y\":-7.77465,\"x\":1.4578}}]},{\"name\":\"leg-L_ikTarget2\",\"frame\":[{\"duration\":5,\"transform\":{\"y\":-16.7368,\"x\":14.9839},\"tweenEasing\":0},{\"duration\":5,\"transform\":{\"y\":-0.85985,\"x\":13.0396},\"tweenEasing\":0},{\"duration\":5,\"transform\":{\"y\":27.38315,\"x\":2.6772},\"tweenEasing\":0},{\"duration\":5,\"transform\":{\"y\":0.0711,\"x\":6.3282},\"tweenEasing\":0},{\"duration\":5,\"transform\":{\"y\":-16.7368,\"x\":14.9839},\"tweenEasing\":0},{\"duration\":5,\"transform\":{\"y\":-0.85985,\"x\":13.0396},\"tweenEasing\":0},{\"duration\":5,\"transform\":{\"y\":27.38315,\"x\":2.6772},\"tweenEasing\":0},{\"duration\":5,\"transform\":{\"y\":0.0711,\"x\":6.3282},\"tweenEasing\":0},{\"duration\":0,\"transform\":{\"y\":-16.7368,\"x\":14.9839}}]},{\"name\":\"leg-R_ikTarget3\",\"frame\":[{\"duration\":10,\"transform\":{\"y\":24.65275,\"x\":1.2974},\"tweenEasing\":0},{\"duration\":5,\"transform\":{\"y\":-14.8101,\"x\":14.36745},\"tweenEasing\":0},{\"duration\":5,\"transform\":{\"y\":10.09735,\"x\":11.8452},\"tweenEasing\":0},{\"duration\":10,\"transform\":{\"y\":24.65275,\"x\":1.2974},\"tweenEasing\":0},{\"duration\":5,\"transform\":{\"y\":-14.8101,\"x\":14.36745},\"tweenEasing\":0},{\"duration\":5,\"transform\":{\"y\":10.09735,\"x\":11.8452},\"tweenEasing\":0},{\"duration\":0,\"transform\":{\"y\":24.65275,\"x\":1.2974}}]},{\"name\":\"role\",\"frame\":[{\"duration\":5,\"transform\":{\"skX\":6.5293,\"y\":-6.96685,\"skY\":6.5293},\"tweenEasing\":0},{\"duration\":5,\"transform\":{\"skX\":6.5293,\"y\":8.128,\"skY\":6.5293},\"tweenEasing\":0},{\"duration\":5,\"transform\":{\"skX\":6.5293,\"y\":-6.96685,\"skY\":6.5293},\"tweenEasing\":0},{\"duration\":5,\"transform\":{\"skX\":6.5293,\"y\":8.128,\"skY\":6.5293},\"tweenEasing\":0},{\"duration\":5,\"transform\":{\"skX\":6.5293,\"y\":-6.96685,\"skY\":6.5293},\"tweenEasing\":0},{\"duration\":2,\"transform\":{\"skX\":6.5293,\"y\":8.128,\"skY\":6.5293},\"tweenEasing\":0},{\"duration\":3,\"transform\":{\"skX\":6.5293,\"y\":2.09005,\"skY\":6.5293},\"tweenEasing\":0},{\"duration\":1,\"transform\":{\"skX\":6.5293,\"y\":-12.1973,\"skY\":6.5293,\"x\":-17.8443},\"tweenEasing\":0},{\"duration\":4,\"transform\":{\"skX\":6.5293,\"y\":8.0521,\"skY\":6.5293,\"x\":12.5},\"tweenEasing\":0},{\"duration\":3,\"transform\":{\"skX\":6.5293,\"y\":8.128,\"skY\":6.5293},\"tweenEasing\":0},{\"duration\":2,\"transform\":{\"skX\":6.5293,\"y\":-0.9289,\"skY\":6.5293},\"tweenEasing\":0},{\"duration\":0,\"transform\":{\"skX\":6.5293,\"y\":-6.96685,\"skY\":6.5293}}]}],\"ik\":[{\"scale\":1,\"name\":\"bone_ik1\",\"offset\":0,\"frame\":[{\"duration\":20,\"weight\":1,\"bendPositive\":false,\"tweenEasing\":0},{\"duration\":20,\"weight\":1,\"bendPositive\":false,\"tweenEasing\":null}]},{\"scale\":1,\"name\":\"bone_ik2\",\"offset\":0,\"frame\":[{\"duration\":20,\"weight\":1,\"bendPositive\":true,\"tweenEasing\":0},{\"duration\":20,\"weight\":1,\"bendPositive\":true,\"tweenEasing\":null}]},{\"scale\":1,\"name\":\"bone_ik3\",\"offset\":0,\"frame\":[{\"duration\":20,\"weight\":1,\"bendPositive\":true,\"tweenEasing\":0},{\"duration\":20,\"weight\":1,\"bendPositive\":true,\"tweenEasing\":0},{\"duration\":0,\"weight\":1,\"bendPositive\":true,\"tweenEasing\":null}]}],\"name\":\"attack\"}],\"skin\":[{\"name\":\"\",\"slot\":[{\"display\":[{\"userEdges\":[],\"weights\":[3,8,0.446959388484032,4,0.41462079635102506,11,0.13841981516494298,3,8,0.7288356441301912,4,0.1857001575357505,11,0.08546419833405823,3,8,0.8328475259028809,4,0.08860225958181117,11,0.07855021451530786,3,8,0.4290389632595363,11,0.43008995830841157,4,0.14087107843205232,3,8,0.3464696556401764,11,0.4239848546559454,4,0.22954548970387822,3,8,0.15144596543058253,11,0.7537530286070702,4,0.09480100596234736,3,8,0.097617254842063,11,0.7618298838744976,4,0.14055286128343938,3,8,0.08364088947856349,11,0.7161355980736623,4,0.2002235124477742,3,8,0.1357003901753261,11,0.43395262005823354,4,0.4303469897664403,3,8,0.0036563065106249622,4,0.9928440912080514,11,0.003499602281323619],\"width\":55,\"path\":\"kuzi\",\"slotPose\":[1,0,0,1,7.176830175093528,-66.68642466012096],\"height\":41,\"type\":\"mesh\",\"transform\":{\"y\":-66.6864,\"x\":7.17685},\"vertices\":[-23.575,-20.75,-26.4,-2.875,-27.475,20.75,-1.5,20.75,-0.175,14.55,3.725,20.75,27.5,20.75,27.5,-2.4,27.5,-20.75,0.075,-20.75],\"uvs\":[0.07136,0,0.02,0.43072,0.00045,1,0.47273,1,0.49682,0.8506,0.56773,1,1,1,1,0.44217,1,0,0.50136,0],\"bonePose\":[8,-0.11184364276141333,0.9937258171014061,-0.9937258171014062,-0.1118436427614129,-5.875000000000005,-65.575,11,-0.09451728888127864,0.9955232202729039,-0.9955232202729039,-0.09451728888127908,21.25,-65.45,4,0.023872053522938814,-0.999715021924047,0.999715021924047,0.023872053522938814,8.375,-69.65],\"name\":\"kuzi\",\"triangles\":[4,5,7,9,4,7,9,7,8,7,5,6,1,4,9,0,1,9,1,2,4,2,3,4],\"edges\":[0,1,1,2,2,3,3,4,4,5,5,6,6,7,7,8,8,9,9,0]}],\"name\":\"kuzi\"},{\"display\":[{\"type\":\"image\",\"transform\":{\"y\":-5.9032,\"x\":-3.25855},\"name\":\"daji\",\"path\":\"daji\"}],\"name\":\"daji\"},{\"display\":[{\"userEdges\":[],\"weights\":[3,12,0.052907931883581,23,0.6731561795716453,17,0.27393588854477374,3,12,0.042782486768906954,23,0.7796890671403844,17,0.17752844609070864,3,12,0.15613250572505788,17,0.4367023261369883,23,0.40716516813795384,3,12,0.06478363049192473,17,0.5677064604245071,23,0.3675099090835681,3,12,0.4359617943831993,17,0.5026850144907625,23,0.06135319112603812,3,12,0.8186615340786911,17,0.14048747868601227,23,0.040850987235296586,3,12,0.9393437776948693,17,0.04294932169806251,23,0.017706900607068057,3,12,0.9051696816916115,17,0.06867022482549164,23,0.026160093482896832,3,12,0.4600679297830019,17,0.46272550768301773,23,0.07720656253398034,3,12,0.07706741773819453,17,0.46559635389266335,23,0.4573362283691422],\"width\":39,\"path\":\"hand-left\",\"slotPose\":[0.9999999999999999,0,0,0.9999999999999999,-25.581266333486937,-99.36765247964298],\"height\":94,\"type\":\"mesh\",\"transform\":{\"y\":-99.36765,\"x\":-25.58125},\"vertices\":[-19.75,33.925,-2.725,39.15,7.4,17.825,-0.375,14.45,5.85,-1.375,19.75,-24.775,19.75,-46.975,5.85,-46.975,-11.8,-9.975,-18.3,12.1],\"uvs\":[0,0.8609,0.43101,0.91649,0.68734,0.68963,0.49051,0.65372,0.6481,0.48537,1,0.23644,1,0.00027,0.6481,0.00027,0.20127,0.39388,0.03671,0.62872],\"bonePose\":[12,-0.42150277888427556,0.9068271099789823,-0.9068271099789823,-0.42150277888427556,-11.624999999999996,-138.625,17,-0.30919634530695156,0.9509982229472483,-0.9509982229472483,-0.30919634530695156,-26.65000000000001,-106.29999999999998,23,0.08981588650791333,0.9959583859433071,-0.9959583859433071,0.08981588650791333,-34.575,-82.2],\"name\":\"hand-left\",\"triangles\":[7,8,5,8,4,5,6,7,5,3,1,2,0,1,3,8,3,4,8,9,3,9,0,3],\"edges\":[0,1,1,2,2,3,3,4,4,5,5,6,6,7,7,8,8,9,9,0]}],\"name\":\"hand-left\"},{\"display\":[{\"userEdges\":[],\"weights\":[1,10,1,1,10,1,1,10,1,1,10,1,1,10,1,1,10,1,1,10,1,1,10,1,1,10,1,1,10,1],\"width\":59,\"path\":\"body\",\"slotPose\":[0.9999999999999999,0,0,0.9999999999999999,7.606377617166736,-120.79090263726465],\"height\":94,\"type\":\"mesh\",\"transform\":{\"y\":-120.7909,\"x\":7.6064},\"vertices\":[-29.375,47.025,1.8,47.025,29.5,47.025,29.5,6.1,25.7,-37.125,26.225,-47,-18.35,-47,-17.825,-37.125,-29.55,-24.8,-29.55,5.85],\"uvs\":[0.00212,1.00027,0.53051,1.00027,1,1.00027,1,0.56489,0.93559,0.10505,0.94449,0,0.18898,0,0.19788,0.10505,-0.00085,0.23617,-0.00085,0.56223],\"bonePose\":[4,0.023872053522938814,-0.999715021924047,0.999715021924047,0.023872053522938814,8.375,-69.65,10,6.245004513516506e-17,-0.9999999999999999,0.9999999999999999,6.245004513516506e-17,9.4,-114.1],\"name\":\"body\",\"triangles\":[8,9,7,9,1,3,4,7,3,7,9,3,3,1,2,7,4,5,6,7,5,9,0,1],\"edges\":[0,1,1,2,2,3,3,4,4,5,5,6,6,7,7,8,8,9,9,0]}],\"name\":\"body\"},{\"display\":[{\"type\":\"image\",\"transform\":{\"skX\":87.606,\"y\":-0.55135,\"skY\":87.606,\"x\":1.4966},\"name\":\"eye\",\"path\":\"eye\"}],\"name\":\"eye\"},{\"display\":[{\"type\":\"image\",\"transform\":{\"skX\":87.606,\"y\":-10.62,\"skY\":87.606,\"x\":69.5049},\"name\":\"head\",\"path\":\"head\"}],\"name\":\"head\"},{\"display\":[{\"type\":\"image\",\"transform\":{\"skX\":87.606,\"y\":2.69545,\"skY\":87.606,\"x\":0.8341},\"name\":\"zui\",\"path\":\"zui\"}],\"name\":\"zui\"},{\"display\":[{\"userEdges\":[],\"weights\":[3,13,0.9084279977668198,18,0.0627117985250825,24,0.028860203708097713,3,13,0.5984430416640654,18,0.3098580526462478,24,0.0916989056896868,3,13,0.4633293169847382,18,0.46115616334220266,24,0.07551451967305912,3,13,0.06937863683362651,18,0.5768202691370847,24,0.3538010940292887,3,13,0.15665500081689018,24,0.4668730904385801,18,0.37647190874452974,3,13,0.053307767823640634,24,0.7823171942707615,18,0.16437503790559782,3,13,0.06121253984797195,24,0.6187327957771198,18,0.32005466437490826,3,13,0.09908298923822287,18,0.4896694353813935,24,0.41124757538038365,3,13,0.4654014927656406,18,0.4702312125036508,24,0.0643672947307087,3,13,0.6890656543456118,18,0.23410112612646838,24,0.07683321952791983,3,13,0.9171319443141928,18,0.057678005527841185,24,0.02519005015796604],\"width\":35,\"path\":\"hand-right\",\"slotPose\":[0.9999999999999977,0,0,0.9999999999999977,40.64954056547646,-101.35395746688759],\"height\":94,\"type\":\"mesh\",\"transform\":{\"y\":-101.35395,\"x\":40.64955},\"vertices\":[-17.75,-47,-17.75,-11.825,-6.85,-0.7,0.925,14.65,-9.2,21.625,-0.375,42.925,17.75,32.275,16.55,11.275,11.05,-6.4,8.725,-31.575,-7.875,-47],\"uvs\":[0,0,0,0.3742,0.30704,0.49255,0.52606,0.65585,0.24085,0.73005,0.48944,0.95665,1,0.84335,0.9662,0.61995,0.81127,0.43191,0.74577,0.1641,0.27817,0],\"bonePose\":[13,0.3842212278466259,0.9232410563184589,-0.9232410563184589,0.3842212278466259,29.492889744247726,-137.76422051150453,18,0.275302849671002,0.9613575510511261,-0.9613575510511261,0.275302849671002,43.01633920643692,-105.34799696572317,24,-0.2480527442664325,0.9687465282837842,-0.9687465282837842,-0.2480527442664325,49.26633920643698,-83.52299696572331],\"name\":\"hand-right\",\"triangles\":[4,5,3,8,3,7,7,3,6,3,5,6,9,1,8,1,2,8,2,3,8,10,1,9,0,1,10],\"edges\":[0,1,1,2,2,3,3,4,4,5,5,6,6,7,7,8,8,9,9,10,10,0]}],\"name\":\"hand-right\"},{\"display\":[{\"type\":\"image\",\"transform\":{\"y\":-0.9798,\"x\":11.23605},\"name\":\"shadow\",\"path\":\"shadow\"}],\"name\":\"shadow\"},{\"display\":[{\"userEdges\":[],\"weights\":[3,8,0.7655214896203278,15,0.16664357660121426,21,0.06783493377845805,3,8,0.48079485808599454,15,0.4606588137029838,21,0.058546328211021646,3,8,0.04140299954272112,21,0.4806796709692851,15,0.4779173294879938,3,8,0.09354240710047178,21,0.46097085862116577,15,0.4454867342783625,3,8,0.09603896635577966,21,0.7282547310147413,15,0.17570630262947903,3,8,0.13280870435204634,21,0.6697661570393163,15,0.1974251386086374,3,8,0.07717226440362095,21,0.5208532026907183,15,0.4019745329056609,3,8,0.5404468434021789,15,0.4264870470312709,21,0.03306610956655029,3,8,0.7800337218357257,15,0.1558240256555143,21,0.06414225250875996],\"width\":48,\"path\":\"leg-left\",\"slotPose\":[0.9999999999999998,2.7755575615628914e-17,-2.7755575615628914e-17,0.9999999999999998,1.1649343864670243,-39.11215439136199],\"height\":85,\"type\":\"mesh\",\"transform\":{\"skX\":-93.7005,\"y\":17.49235,\"skY\":-93.7005,\"x\":-0.70965},\"vertices\":[-18.3,-42.525,-19.35,-3.75,-20.375,25.075,-20.1,41.925,24.025,42.5,24.025,27.15,-1.95,19.35,-2.2,-4.525,3.775,-42.525],\"uvs\":[0.11875,-0.00029,0.09687,0.45588,0.07552,0.795,0.08125,0.99324,1.00052,1,1.00052,0.81941,0.45938,0.72765,0.45417,0.44676,0.57865,-0.00029],\"bonePose\":[8,-0.11184364276141333,0.9937258171014061,-0.9937258171014062,-0.1118436427614129,-5.875000000000005,-65.575,15,-0.09970518229221777,0.9950170232835593,-0.9950170232835595,-0.09970518229221734,-8.575000000000001,-40.47500000000001,21,0.845822327235736,0.5334647043146556,-0.5334647043146561,0.845822327235736,-11.025,-16.025000000000006],\"name\":\"leg-left\",\"triangles\":[5,6,4,6,3,4,2,3,6,1,6,7,0,1,7,0,7,8,1,2,6],\"edges\":[0,1,1,2,2,3,3,4,4,5,5,6,6,7,7,8,8,0]}],\"name\":\"leg-left\"},{\"display\":[{\"userEdges\":[],\"weights\":[1,11,1,3,11,0.5046771272872326,16,0.43240144305930334,22,0.06292142965346396,3,11,0.05925758820930686,22,0.4727541489679103,16,0.4679882628227829,3,11,0.12063938596870298,22,0.4501274042714417,16,0.4292332097598553,3,11,0.13947775131832743,22,0.6283348393024779,16,0.2321874093791947,3,11,0.16904659247742768,22,0.5922272389930606,16,0.23872616852951173,3,11,0.08695721789602467,22,0.5921546713098657,16,0.32088811079410967,3,11,0.5499137364536618,16,0.38255205310493134,22,0.06753421044140685,1,11,1],\"width\":48,\"path\":\"leg-right\",\"slotPose\":[0.9999999999999999,0,-1.6653345369377348e-16,0.9999999999999998,29.52649041344654,-38.95911579352148],\"height\":85,\"type\":\"mesh\",\"transform\":{\"skX\":-36.3772,\"y\":-24.8054,\"skY\":-36.3772,\"x\":-3.05605},\"vertices\":[-17.875,-42.5,-19.65,-2.875,-20.675,23.875,-21.725,41.55,23.975,42.45,23.975,27.525,-1.2,19.95,-0.475,-3.9,3.475,-42.5],\"uvs\":[0.1276,0,0.09063,0.46618,0.06927,0.78088,0.0474,0.98882,0.99948,0.99941,0.99948,0.82382,0.475,0.73471,0.4901,0.45412,0.5724,0],\"bonePose\":[11,-0.09451728888127864,0.9955232202729039,-0.9955232202729039,-0.09451728888127908,21.25,-65.45,16,-0.06454176659496101,0.9979150065836274,-0.9979150065836274,-0.06454176659496146,18.575,-37.275000000000006,22,0.8051303675355637,0.5930978766376155,-0.593097876637615,0.8051303675355634,17.275,-17.174999999999997],\"name\":\"leg-right\",\"triangles\":[5,6,4,6,3,4,2,3,6,1,6,7,0,1,7,0,7,8,1,2,6],\"edges\":[0,1,1,2,2,3,3,4,4,5,5,6,6,7,7,8,8,0]}],\"name\":\"leg-right\"}]}],\"type\":\"Armature\",\"bone\":[{\"transform\":{},\"name\":\"root\"},{\"transform\":{},\"name\":\"shadow\",\"parent\":\"root\"},{\"transform\":{\"y\":-154.075,\"x\":81.15},\"name\":\"daji\",\"parent\":\"root\"},{\"transform\":{\"x\":12.1709},\"name\":\"role\",\"parent\":\"root\"},{\"length\":42.5,\"parent\":\"role\",\"transform\":{\"skX\":-88.6321,\"y\":-69.65,\"skY\":-88.6321,\"x\":-3.7959},\"name\":\"body\"},{\"transform\":{\"skX\":88.6321,\"y\":10.15595,\"skY\":88.6321,\"x\":-52.1057},\"name\":\"leg-R_ikTarget3\",\"parent\":\"body\"},{\"transform\":{\"skX\":88.6321,\"y\":-18.10885,\"skY\":88.6321,\"x\":-54.0006},\"name\":\"leg-L_ikTarget2\",\"parent\":\"body\"},{\"transform\":{\"skX\":88.6321,\"y\":-43.1933,\"skY\":88.6321,\"x\":11.37165},\"name\":\"hand-L_ikTarget\",\"parent\":\"body\"},{\"length\":25,\"parent\":\"body\",\"transform\":{\"skX\":-174.9463,\"y\":-14.14865,\"skY\":-174.9463,\"x\":-4.414},\"name\":\"leg-left\"},{\"transform\":{\"skX\":88.6321,\"y\":40.4882,\"skY\":88.6321,\"x\":15.03825},\"name\":\"hand-R_ikTarget1\",\"parent\":\"body\"},{\"length\":41.5,\"parent\":\"body\",\"transform\":{\"skX\":-1.3679,\"y\":-0.0364,\"skY\":-1.3679,\"x\":44.4618},\"name\":\"body1\"},{\"length\":28,\"parent\":\"body\",\"transform\":{\"skX\":-175.9444,\"y\":12.9716,\"skY\":-175.9444,\"x\":-3.89145},\"name\":\"leg-left3\"},{\"length\":35.5,\"parent\":\"body1\",\"transform\":{\"skX\":-155.0705,\"y\":-21.025,\"skY\":-155.0705,\"x\":24.525},\"name\":\"hand-left\"},{\"length\":35,\"parent\":\"body1\",\"transform\":{\"skX\":157.4046,\"y\":20.0929,\"skY\":157.4046,\"x\":23.6642},\"name\":\"hand-right\"},{\"length\":44,\"parent\":\"body1\",\"transform\":{\"skX\":2.394,\"y\":-0.1,\"skY\":2.394,\"x\":49.425},\"name\":\"head\"},{\"length\":24.5,\"parent\":\"leg-left\",\"transform\":{\"skX\":-0.6994,\"y\":-0.1242,\"skY\":-0.6994,\"x\":25.2445},\"name\":\"leg-left1\"},{\"length\":20,\"parent\":\"leg-left3\",\"transform\":{\"skX\":-1.723,\"skY\":-1.723,\"x\":28.3017},\"name\":\"leg-left4\"},{\"length\":25.5,\"parent\":\"hand-left\",\"transform\":{\"skX\":-6.9187,\"skY\":-6.9187,\"x\":35.64625},\"name\":\"hand-left1\"},{\"length\":22.5,\"parent\":\"hand-right\",\"transform\":{\"skX\":6.6153,\"y\":-0.0304,\"skY\":6.6153,\"x\":35.124},\"name\":\"hand-right1\"},{\"transform\":{\"y\":-3.476,\"x\":13.71675},\"name\":\"zui\",\"parent\":\"head\"},{\"transform\":{\"y\":1.6141,\"x\":45.18185},\"name\":\"eye\",\"parent\":\"head\"},{\"length\":21,\"parent\":\"leg-left1\",\"transform\":{\"skX\":-63.4823,\"skY\":-63.4823,\"x\":24.57245},\"name\":\"leg-left2\"},{\"length\":16.5,\"parent\":\"leg-left4\",\"transform\":{\"skX\":-57.3234,\"skY\":-57.3234,\"x\":20.142},\"name\":\"leg-right\"},{\"length\":12.5,\"parent\":\"hand-left1\",\"transform\":{\"skX\":-23.1638,\"y\":0.08505,\"skY\":-23.1638,\"x\":25.36945},\"name\":\"hand-left2\"},{\"length\":14.5,\"parent\":\"hand-right1\",\"transform\":{\"skX\":30.3424,\"skY\":30.3424,\"x\":22.70225},\"name\":\"hand-right2\"}],\"ik\":[{\"target\":\"leg-L_ikTarget2\",\"chain\":1,\"bone\":\"leg-left1\",\"name\":\"bone_ik2\",\"bendPositive\":\"false\"},{\"target\":\"leg-R_ikTarget3\",\"chain\":1,\"bone\":\"leg-left4\",\"name\":\"bone_ik3\",\"bendPositive\":\"false\"},{\"target\":\"hand-L_ikTarget\",\"chain\":1,\"bone\":\"hand-left1\",\"name\":\"bone_ik\",\"bendPositive\":\"false\"},{\"target\":\"hand-R_ikTarget1\",\"chain\":1,\"bone\":\"hand-right1\",\"name\":\"bone_ik1\"}],\"name\":\"role2\",\"aabb\":{\"x\":-73.90743624226894,\"y\":-312.9128339146559,\"width\":151,\"height\":323.5176070100233}}],\"isGlobal\":0,\"name\":\"role2\"}"
}