{
  "__type__": "dragonBones.DragonBonesAsset",
  "_name": "role1_ske",
  "_dragonBonesJson": "{\"frameRate\":24,\"version\":\"4.5\",\"armature\":[{\"frameRate\":24,\"defaultActions\":[{\"gotoAndPlay\":\"idle\"}],\"slot\":[{\"color\":{},\"name\":\"shadow\",\"parent\":\"shadow\"},{\"z\":1,\"color\":{},\"name\":\"hand-right\",\"parent\":\"hand-right2\"},{\"z\":2,\"color\":{},\"name\":\"leg-right\",\"parent\":\"leg-right2\"},{\"z\":3,\"color\":{},\"name\":\"leg-left\",\"parent\":\"leg-left2\"},{\"z\":4,\"color\":{},\"name\":\"body3\",\"parent\":\"body\"},{\"z\":5,\"color\":{},\"name\":\"body\",\"parent\":\"body1\"},{\"z\":6,\"color\":{},\"name\":\"head\",\"parent\":\"head\"},{\"z\":7,\"color\":{},\"name\":\"zui\",\"parent\":\"zui\"},{\"z\":8,\"color\":{},\"name\":\"nose\",\"parent\":\"nose\"},{\"z\":9,\"color\":{},\"name\":\"eye-left\",\"parent\":\"eye-left\"},{\"z\":10,\"color\":{},\"name\":\"brow-right\",\"parent\":\"brow-right\"},{\"z\":11,\"color\":{},\"name\":\"brow-left\",\"parent\":\"brow-left\"},{\"z\":12,\"color\":{},\"name\":\"eye-right\",\"parent\":\"eye-right\"},{\"z\":13,\"color\":{},\"name\":\"hand-left\",\"parent\":\"hand-left2\"},{\"z\":14,\"color\":{},\"name\":\"daji\",\"parent\":\"daji\",\"displayIndex\":-1}],\"animation\":[{\"duration\":60,\"ffd\":[],\"playTimes\":0,\"frame\":[],\"slot\":[],\"bone\":[{\"name\":\"root\",\"frame\":[{\"duration\":60,\"transform\":{}}]},{\"name\":\"head\",\"frame\":[{\"duration\":15,\"transform\":{\"skX\":-2.6302,\"y\":2.1262,\"skY\":-2.6302,\"x\":-0.0208},\"tweenEasing\":0},{\"duration\":15,\"transform\":{\"skX\":2.3264,\"y\":2.96,\"skY\":2.3264,\"x\":-1.7325},\"tweenEasing\":0},{\"duration\":15,\"transform\":{\"skX\":-2.6302,\"y\":2.1262,\"skY\":-2.6302,\"x\":-0.0208},\"tweenEasing\":0},{\"duration\":15,\"transform\":{\"skX\":2.3264,\"y\":2.96,\"skY\":2.3264,\"x\":-1.7325},\"tweenEasing\":0},{\"duration\":0,\"transform\":{\"skX\":-2.6302,\"y\":2.1262,\"skY\":-2.6302,\"x\":-0.0208}}]},{\"name\":\"eye-left\",\"frame\":[{\"duration\":36,\"transform\":{}},{\"duration\":2,\"transform\":{},\"tweenEasing\":0},{\"duration\":2,\"transform\":{\"scX\":0.01},\"tweenEasing\":0},{\"duration\":20,\"transform\":{}}]},{\"name\":\"eye-right\",\"frame\":[{\"duration\":36,\"transform\":{}},{\"duration\":2,\"transform\":{},\"tweenEasing\":0},{\"duration\":2,\"transform\":{\"scY\":0.01},\"tweenEasing\":0},{\"duration\":20,\"transform\":{}}]},{\"name\":\"brow-left\",\"frame\":[{\"duration\":15,\"transform\":{},\"tweenEasing\":0},{\"duration\":15,\"transform\":{\"y\":0.1407,\"x\":-3.0387},\"tweenEasing\":0},{\"duration\":6,\"transform\":{},\"tweenEasing\":0},{\"duration\":2,\"transform\":{},\"tweenEasing\":0},{\"duration\":2,\"transform\":{\"y\":0.03995,\"x\":-6.77895},\"tweenEasing\":0},{\"duration\":10,\"transform\":{},\"tweenEasing\":0},{\"duration\":10,\"transform\":{\"y\":0.1407,\"x\":-3.0387},\"tweenEasing\":0},{\"duration\":0,\"transform\":{}}]},{\"name\":\"brow-right\",\"frame\":[{\"duration\":15,\"transform\":{},\"tweenEasing\":0},{\"duration\":15,\"transform\":{\"y\":0.1407,\"x\":-3.0387},\"tweenEasing\":0},{\"duration\":6,\"transform\":{},\"tweenEasing\":0},{\"duration\":2,\"transform\":{},\"tweenEasing\":0},{\"duration\":2,\"transform\":{\"y\":0.03995,\"x\":-6.77895},\"tweenEasing\":0},{\"duration\":10,\"transform\":{},\"tweenEasing\":0},{\"duration\":10,\"transform\":{\"y\":0.1407,\"x\":-3.0387},\"tweenEasing\":0},{\"duration\":0,\"transform\":{}}]},{\"name\":\"zui\",\"frame\":[{\"duration\":15,\"transform\":{},\"tweenEasing\":0},{\"duration\":15,\"transform\":{\"scX\":0.773,\"scY\":0.773},\"tweenEasing\":0},{\"duration\":15,\"transform\":{},\"tweenEasing\":0},{\"duration\":15,\"transform\":{\"scX\":0.773,\"scY\":0.773},\"tweenEasing\":0},{\"duration\":0,\"transform\":{}}]},{\"name\":\"nose\",\"frame\":[{\"duration\":60,\"transform\":{}}]},{\"name\":\"body\",\"frame\":[{\"duration\":15,\"transform\":{},\"tweenEasing\":0},{\"duration\":15,\"transform\":{\"x\":0.66605},\"tweenEasing\":0},{\"duration\":15,\"transform\":{},\"tweenEasing\":0},{\"duration\":15,\"transform\":{\"x\":0.66605},\"tweenEasing\":0},{\"duration\":0,\"transform\":{}}]},{\"name\":\"body1\",\"frame\":[{\"duration\":15,\"transform\":{},\"tweenEasing\":0},{\"duration\":15,\"transform\":{\"y\":0.0415,\"x\":-3.11345},\"tweenEasing\":0},{\"duration\":15,\"transform\":{},\"tweenEasing\":0},{\"duration\":15,\"transform\":{\"y\":0.0415,\"x\":-3.11345},\"tweenEasing\":0},{\"duration\":0,\"transform\":{}}]},{\"name\":\"hand-right\",\"frame\":[{\"duration\":60,\"transform\":{}}]},{\"name\":\"hand-right1\",\"frame\":[{\"duration\":60,\"transform\":{}}]},{\"name\":\"hand-right2\",\"frame\":[{\"duration\":60,\"transform\":{}}]},{\"name\":\"hand-left\",\"frame\":[{\"duration\":60,\"transform\":{}}]},{\"name\":\"hand-left1\",\"frame\":[{\"duration\":60,\"transform\":{}}]},{\"name\":\"hand-left2\",\"frame\":[{\"duration\":60,\"transform\":{}}]},{\"name\":\"leg-left\",\"frame\":[{\"duration\":60,\"transform\":{}}]},{\"name\":\"leg-left1\",\"frame\":[{\"duration\":60,\"transform\":{}}]},{\"name\":\"leg-left2\",\"frame\":[{\"duration\":60,\"transform\":{}}]},{\"name\":\"leg-right\",\"frame\":[{\"duration\":60,\"transform\":{}}]},{\"name\":\"leg-right1\",\"frame\":[{\"duration\":60,\"transform\":{}}]},{\"name\":\"leg-right2\",\"frame\":[{\"duration\":60,\"transform\":{}}]},{\"name\":\"leg-l_ikTarget\",\"frame\":[{\"duration\":60,\"transform\":{}}]},{\"name\":\"legright_ikTarget1\",\"frame\":[{\"duration\":60,\"transform\":{}}]},{\"name\":\"hand-l_ikTarget1\",\"frame\":[{\"duration\":15,\"transform\":{},\"tweenEasing\":0},{\"duration\":15,\"transform\":{\"y\":-1.3753,\"x\":-7.5641},\"tweenEasing\":0},{\"duration\":15,\"transform\":{},\"tweenEasing\":0},{\"duration\":15,\"transform\":{\"y\":-1.3753,\"x\":-7.5641},\"tweenEasing\":0},{\"duration\":0,\"transform\":{}}]},{\"name\":\"hand-r_ikTarget2\",\"frame\":[{\"duration\":15,\"transform\":{},\"tweenEasing\":0},{\"duration\":15,\"transform\":{\"y\":-3.36945,\"x\":12.2745},\"tweenEasing\":0},{\"duration\":15,\"transform\":{},\"tweenEasing\":0},{\"duration\":15,\"transform\":{\"y\":-3.36945,\"x\":12.2745},\"tweenEasing\":0},{\"duration\":0,\"transform\":{}}]},{\"name\":\"daji\",\"frame\":[{\"duration\":60,\"transform\":{}}]},{\"name\":\"shadow\",\"frame\":[{\"duration\":60,\"transform\":{}}]},{\"name\":\"role\",\"frame\":[{\"duration\":60,\"transform\":{}}]}],\"ik\":[],\"name\":\"idle\"},{\"duration\":20,\"ffd\":[{\"slot\":\"leg-right\",\"frame\":[{\"vertices\":[-0.025,-7.395,0,0,0,0,0,0,0,0,0,0,0,0,0,0,0,0,0,0,0,0,0,0,0,0,0,0,0,0,0,0,0,0,0,0,0,0],\"duration\":5,\"offset\":0,\"tweenEasing\":0},{\"vertices\":[-3.035,-2.02,0,0,0,0,0,0,0,0,0,0,0,0,0,0,0,0,0,0,0,0,0,0,0,0,0,0,0,0,0,0,0,0,0,0,-2.885,-4.295],\"duration\":5,\"offset\":0,\"tweenEasing\":0},{\"vertices\":[-0.325,0.325,0,0,0,0,0,0,0,0,0,0,0,0,0,0,0,0,0,0,0,0,0,0,0,0,0,0,0,0,0,0,0,0,0,0,-5.77,-8.595],\"duration\":5,\"offset\":0,\"tweenEasing\":0},{\"vertices\":[-5.69,-6.635,0,0,0,0,0,0,0,0,0,0,0,0,0,0,0,0,0,0,0,0,0,0,0,0,0,0,0,0,0,0,0,0,0,0,-2.885,-4.295],\"duration\":5,\"offset\":0,\"tweenEasing\":0},{\"vertices\":[-0.025,-7.395,0,0,0,0,0,0,0,0,0,0,0,0,0,0,0,0,0,0,0,0,0,0,0,0,0,0,0,0,0,0,0,0,0,0,0,0],\"duration\":0,\"offset\":0,\"tweenEasing\":null}],\"scale\":1,\"skin\":\"\",\"name\":\"leg-right\",\"offset\":0},{\"slot\":\"leg-left\",\"frame\":[{\"vertices\":[-2.475,5.755,0,0,0,0,0,0,0,0,0,0,0,0,0,0,0,0,0,0,0,0,0,0,0,0,0,0,-2.195,-3.66,0,0,0,0,0,0,0,0,0,0,0,0,0,0],\"duration\":5,\"offset\":0,\"tweenEasing\":0},{\"vertices\":[-5.42,-1.99,0,0,0,0,0,0,0,0,0,0,0,0,0,0,0,0,0,0,0,0,0,0,0,0,0,0,-2.195,-3.66,0,0,0,0,0,0,0,0,0,0,0,0,0,0],\"duration\":1,\"offset\":0,\"tweenEasing\":0},{\"vertices\":[-4.34,-2.425,0,0,0,0,0,0,0,0,0,0,0,0,0,0,0,0,0,0,0,0,0,0,0,0,0,0,-2.195,-3.66,0,0,0,0,0,0,0,0,0,0,0,0,0,0],\"duration\":4,\"offset\":0,\"tweenEasing\":0},{\"vertices\":[-2.3,-3.865,0,0,0,0,0,0,0,0,0,0,0,0,0,0,0,0,0,0,0,0,0,0,0,0,0,0,-2.195,-3.66,0,0,0,0,0,0,0,0,0,0,0,0,0,0],\"duration\":5,\"offset\":0,\"tweenEasing\":0},{\"vertices\":[-4.33,0.72,0,0,0,0,0,0,0,0,0,0,0,0,0,0,0,0,0,0,0,0,0,0,0,0,0,0,-2.195,-3.66,0,0,0,0,0,0,0,0,0,0,0,0,0,0],\"duration\":5,\"offset\":0,\"tweenEasing\":0},{\"vertices\":[-2.475,5.755,0,0,0,0,0,0,0,0,0,0,0,0,0,0,0,0,0,0,0,0,0,0,0,0,0,0,-2.195,-3.66,0,0,0,0,0,0,0,0,0,0,0,0,0,0],\"duration\":0,\"offset\":0,\"tweenEasing\":null}],\"scale\":1,\"skin\":\"\",\"name\":\"leg-left\",\"offset\":0}],\"playTimes\":0,\"frame\":[],\"slot\":[],\"bone\":[{\"name\":\"root\",\"frame\":[{\"duration\":20,\"transform\":{}}]},{\"name\":\"body\",\"frame\":[{\"duration\":5,\"transform\":{\"skX\":10.0126,\"y\":5.8703,\"skY\":10.0126,\"x\":16.66735},\"tweenEasing\":0},{\"duration\":5,\"transform\":{\"skX\":10.0126,\"y\":-0.2681,\"skY\":10.0126,\"x\":16.66735},\"tweenEasing\":0},{\"duration\":5,\"transform\":{\"skX\":10.0126,\"y\":5.8703,\"skY\":10.0126,\"x\":16.66735},\"tweenEasing\":0},{\"duration\":5,\"transform\":{\"skX\":10.0126,\"y\":-0.2681,\"skY\":10.0126,\"x\":16.66735},\"tweenEasing\":0},{\"duration\":0,\"transform\":{\"skX\":10.0126,\"y\":5.8703,\"skY\":10.0126,\"x\":16.66735}}]},{\"name\":\"leg-l_ikTarget\",\"frame\":[{\"duration\":5,\"transform\":{\"y\":-32.4587,\"x\":-26.73995},\"tweenEasing\":0},{\"duration\":5,\"transform\":{\"y\":-12.48665,\"x\":0.64915},\"tweenEasing\":0},{\"duration\":5,\"transform\":{\"y\":-1.14675,\"x\":49.31035},\"tweenEasing\":0},{\"duration\":5,\"transform\":{\"y\":-17.27195,\"x\":-8.6846},\"tweenEasing\":0},{\"duration\":0,\"transform\":{\"y\":-32.4587,\"x\":-26.73995}}]},{\"name\":\"legright_ikTarget1\",\"frame\":[{\"duration\":5,\"transform\":{\"y\":-1.7902,\"x\":49.19915},\"tweenEasing\":0},{\"duration\":5,\"transform\":{\"y\":-6.91295,\"x\":4.12625},\"tweenEasing\":0},{\"duration\":10,\"transform\":{\"y\":-28.91565,\"x\":-25.9223},\"tweenEasing\":0},{\"duration\":0,\"transform\":{\"y\":-1.7902,\"x\":49.19915}}]},{\"name\":\"body1\",\"frame\":[{\"duration\":5,\"transform\":{},\"tweenEasing\":0},{\"duration\":5,\"transform\":{\"skX\":3.2836,\"skY\":3.2836},\"tweenEasing\":0},{\"duration\":5,\"transform\":{},\"tweenEasing\":0},{\"duration\":5,\"transform\":{\"skX\":3.2836,\"skY\":3.2836},\"tweenEasing\":0},{\"duration\":0,\"transform\":{}}]},{\"name\":\"leg-left\",\"frame\":[{\"duration\":20,\"transform\":{}}]},{\"name\":\"leg-right\",\"frame\":[{\"duration\":20,\"transform\":{}}]},{\"name\":\"hand-right\",\"frame\":[{\"duration\":20,\"transform\":{}}]},{\"name\":\"hand-left\",\"frame\":[{\"duration\":20,\"transform\":{}}]},{\"name\":\"head\",\"frame\":[{\"duration\":10,\"transform\":{},\"tweenEasing\":0},{\"duration\":10,\"transform\":{\"skX\":-5.2742,\"skY\":-5.2742},\"tweenEasing\":0},{\"duration\":0,\"transform\":{}}]},{\"name\":\"leg-right1\",\"frame\":[{\"duration\":20,\"transform\":{}}]},{\"name\":\"leg-left1\",\"frame\":[{\"duration\":20,\"transform\":{}}]},{\"name\":\"hand-right1\",\"frame\":[{\"duration\":20,\"transform\":{}}]},{\"name\":\"leg-left2\",\"frame\":[{\"duration\":20,\"transform\":{}}]},{\"name\":\"leg-right2\",\"frame\":[{\"duration\":20,\"transform\":{}}]},{\"name\":\"hand-left1\",\"frame\":[{\"duration\":20,\"transform\":{}}]},{\"name\":\"eye-right\",\"frame\":[{\"duration\":20,\"transform\":{}}]},{\"name\":\"zui\",\"frame\":[{\"duration\":20,\"transform\":{}}]},{\"name\":\"brow-right\",\"frame\":[{\"duration\":20,\"transform\":{}}]},{\"name\":\"nose\",\"frame\":[{\"duration\":20,\"transform\":{}}]},{\"name\":\"eye-left\",\"frame\":[{\"duration\":20,\"transform\":{}}]},{\"name\":\"brow-left\",\"frame\":[{\"duration\":20,\"transform\":{}}]},{\"name\":\"hand-left2\",\"frame\":[{\"duration\":20,\"transform\":{}}]},{\"name\":\"hand-right2\",\"frame\":[{\"duration\":20,\"transform\":{}}]},{\"name\":\"hand-l_ikTarget1\",\"frame\":[{\"duration\":10,\"transform\":{\"x\":57.16415},\"tweenEasing\":0},{\"duration\":10,\"transform\":{\"y\":-12.2207,\"x\":-1.51185},\"tweenEasing\":0},{\"duration\":0,\"transform\":{\"x\":57.16415}}]},{\"name\":\"hand-r_ikTarget2\",\"frame\":[{\"duration\":10,\"transform\":{},\"tweenEasing\":0},{\"duration\":10,\"transform\":{\"y\":1.27125,\"x\":31.14595},\"tweenEasing\":0},{\"duration\":0,\"transform\":{}}]},{\"name\":\"daji\",\"frame\":[{\"duration\":20,\"transform\":{}}]},{\"name\":\"shadow\",\"frame\":[{\"duration\":5,\"transform\":{\"scX\":0.7817,\"scY\":0.7817,\"x\":13.357},\"tweenEasing\":0},{\"duration\":5,\"transform\":{\"x\":13.357},\"tweenEasing\":0},{\"duration\":5,\"transform\":{\"scX\":0.7817,\"scY\":0.7817,\"x\":13.357},\"tweenEasing\":0},{\"duration\":5,\"transform\":{\"x\":13.357},\"tweenEasing\":0},{\"duration\":0,\"transform\":{\"scX\":0.7817,\"scY\":0.7817,\"x\":13.357}}]},{\"name\":\"role\",\"frame\":[{\"duration\":5,\"transform\":{\"y\":-24.5712},\"tweenEasing\":0},{\"duration\":5,\"transform\":{},\"tweenEasing\":0},{\"duration\":5,\"transform\":{\"y\":-24.5712},\"tweenEasing\":0},{\"duration\":5,\"transform\":{},\"tweenEasing\":0},{\"duration\":0,\"transform\":{\"y\":-24.5712}}]}],\"ik\":[{\"scale\":1,\"name\":\"bone_ik\",\"offset\":0,\"frame\":[{\"duration\":20,\"weight\":1,\"bendPositive\":true,\"tweenEasing\":0},{\"duration\":0,\"weight\":1,\"bendPositive\":true,\"tweenEasing\":null}]},{\"scale\":1,\"name\":\"bone_ik3\",\"offset\":0,\"frame\":[{\"duration\":20,\"weight\":1,\"bendPositive\":false,\"tweenEasing\":null}]}],\"name\":\"walk\"},{\"duration\":30,\"ffd\":[],\"playTimes\":0,\"frame\":[],\"slot\":[{\"name\":\"shadow\",\"frame\":[{\"duration\":4,\"tweenEasing\":null},{\"duration\":2,\"tweenEasing\":0},{\"duration\":18,\"color\":{\"aM\":0},\"tweenEasing\":0},{\"duration\":2,\"color\":{\"aM\":0},\"tweenEasing\":0},{\"duration\":4,\"tweenEasing\":null}]}],\"bone\":[{\"name\":\"root\",\"frame\":[{\"duration\":30,\"transform\":{}}]},{\"name\":\"body\",\"frame\":[{\"duration\":4,\"transform\":{},\"tweenEasing\":0},{\"duration\":2,\"transform\":{\"skX\":8.9247,\"y\":18.48625,\"skY\":8.9247},\"tweenEasing\":0},{\"duration\":7,\"transform\":{\"skX\":4.9691,\"y\":-3.21075,\"skY\":4.9691},\"tweenEasing\":0},{\"duration\":11,\"transform\":{\"skX\":-8.8756,\"y\":-3.21075,\"skY\":-8.8756},\"tweenEasing\":0},{\"duration\":2,\"transform\":{\"skX\":6.1862,\"y\":-3.21075,\"skY\":6.1862},\"tweenEasing\":0},{\"duration\":4,\"transform\":{\"skX\":8.9247,\"y\":18.48625,\"skY\":8.9247},\"tweenEasing\":0},{\"duration\":0,\"transform\":{}}]},{\"name\":\"leg-l_ikTarget\",\"frame\":[{\"duration\":4,\"transform\":{},\"tweenEasing\":0},{\"duration\":11,\"transform\":{\"y\":5.0101,\"x\":-9.94275},\"tweenEasing\":0},{\"duration\":11,\"transform\":{\"y\":-7.74745,\"x\":-6.56965},\"tweenEasing\":0},{\"duration\":4,\"transform\":{\"y\":5.0101,\"x\":-9.94275},\"tweenEasing\":0},{\"duration\":0,\"transform\":{}}]},{\"name\":\"hand-l_ikTarget1\",\"frame\":[{\"duration\":4,\"transform\":{},\"tweenEasing\":0},{\"duration\":2,\"transform\":{\"y\":8.2355,\"x\":10.35255},\"tweenEasing\":0},{\"duration\":9,\"transform\":{\"y\":-85.5512,\"x\":-35.91195},\"tweenEasing\":0},{\"duration\":11,\"transform\":{\"y\":-53.28095,\"x\":-53.71625},\"tweenEasing\":0},{\"duration\":4,\"transform\":{\"y\":8.2355,\"x\":10.35255},\"tweenEasing\":0},{\"duration\":0,\"transform\":{}}]},{\"name\":\"hand-r_ikTarget2\",\"frame\":[{\"duration\":4,\"transform\":{},\"tweenEasing\":0},{\"duration\":2,\"transform\":{\"y\":14.41775,\"x\":6.69725},\"tweenEasing\":0},{\"duration\":9,\"transform\":{\"y\":-93.48275,\"x\":29.0215},\"tweenEasing\":0},{\"duration\":11,\"transform\":{\"y\":-93.48275,\"x\":29.0215},\"tweenEasing\":0},{\"duration\":4,\"transform\":{\"y\":24.97125,\"x\":11.09455},\"tweenEasing\":0},{\"duration\":0,\"transform\":{}}]},{\"name\":\"legright_ikTarget1\",\"frame\":[{\"duration\":4,\"transform\":{},\"tweenEasing\":0},{\"duration\":11,\"transform\":{\"x\":22.71865},\"tweenEasing\":0},{\"duration\":11,\"transform\":{\"y\":-23.42735,\"x\":38.82495},\"tweenEasing\":0},{\"duration\":4,\"transform\":{\"x\":22.71865},\"tweenEasing\":0},{\"duration\":0,\"transform\":{}}]},{\"name\":\"leg-left\",\"frame\":[{\"duration\":30,\"transform\":{}}]},{\"name\":\"leg-right\",\"frame\":[{\"duration\":30,\"transform\":{}}]},{\"name\":\"body1\",\"frame\":[{\"duration\":4,\"transform\":{},\"tweenEasing\":0},{\"duration\":2,\"transform\":{\"skX\":8.6216,\"skY\":8.6216},\"tweenEasing\":0},{\"duration\":18,\"transform\":{\"skX\":-5.1601,\"skY\":-5.1601},\"tweenEasing\":0},{\"duration\":2,\"transform\":{\"skX\":-5.1601,\"skY\":-5.1601},\"tweenEasing\":0},{\"duration\":4,\"transform\":{\"skX\":8.6216,\"skY\":8.6216},\"tweenEasing\":0},{\"duration\":0,\"transform\":{}}]},{\"name\":\"leg-right1\",\"frame\":[{\"duration\":30,\"transform\":{}}]},{\"name\":\"hand-left\",\"frame\":[{\"duration\":30,\"transform\":{}}]},{\"name\":\"head\",\"frame\":[{\"duration\":30,\"transform\":{}}]},{\"name\":\"leg-left1\",\"frame\":[{\"duration\":30,\"transform\":{}}]},{\"name\":\"hand-right\",\"frame\":[{\"duration\":30,\"transform\":{}}]},{\"name\":\"brow-right\",\"frame\":[{\"duration\":30,\"transform\":{}}]},{\"name\":\"hand-left1\",\"frame\":[{\"duration\":30,\"transform\":{}}]},{\"name\":\"eye-right\",\"frame\":[{\"duration\":30,\"transform\":{}}]},{\"name\":\"leg-left2\",\"frame\":[{\"duration\":30,\"transform\":{}}]},{\"name\":\"leg-right2\",\"frame\":[{\"duration\":30,\"transform\":{}}]},{\"name\":\"nose\",\"frame\":[{\"duration\":30,\"transform\":{}}]},{\"name\":\"eye-left\",\"frame\":[{\"duration\":30,\"transform\":{}}]},{\"name\":\"brow-left\",\"frame\":[{\"duration\":30,\"transform\":{}}]},{\"name\":\"hand-right1\",\"frame\":[{\"duration\":30,\"transform\":{}}]},{\"name\":\"zui\",\"frame\":[{\"duration\":30,\"transform\":{}}]},{\"name\":\"hand-left2\",\"frame\":[{\"duration\":30,\"transform\":{}}]},{\"name\":\"hand-right2\",\"frame\":[{\"duration\":30,\"transform\":{}}]},{\"name\":\"daji\",\"frame\":[{\"duration\":30,\"transform\":{}}]},{\"name\":\"shadow\",\"frame\":[{\"duration\":4,\"transform\":{},\"tweenEasing\":0},{\"duration\":11,\"transform\":{},\"tweenEasing\":0},{\"duration\":11,\"transform\":{\"scX\":0.4666,\"scY\":0.4666},\"tweenEasing\":0},{\"duration\":4,\"transform\":{},\"tweenEasing\":0},{\"duration\":0,\"transform\":{}}]},{\"name\":\"role\",\"frame\":[{\"duration\":30,\"transform\":{}}]}],\"ik\":[{\"scale\":1,\"name\":\"bone_ik\",\"offset\":0,\"frame\":[{\"duration\":4,\"weight\":1,\"bendPositive\":true,\"tweenEasing\":0},{\"duration\":22,\"weight\":1,\"bendPositive\":true,\"tweenEasing\":0},{\"duration\":4,\"weight\":1,\"bendPositive\":true,\"tweenEasing\":0},{\"duration\":0,\"weight\":1,\"bendPositive\":true,\"tweenEasing\":null}]}],\"name\":\"jump\"},{\"duration\":40,\"ffd\":[{\"slot\":\"leg-right\",\"frame\":[{\"vertices\":[-0.025,-7.395,0,0,0,0,0,0,0,0,0,0,0,0,0,0,0,0,0,0,0,0,0,0,0,0,0,0,0,0,0,0,0,0,0,0,0,0],\"duration\":5,\"offset\":0,\"tweenEasing\":0},{\"vertices\":[-3.035,-2.02,0,0,0,0,0,0,0,0,0,0,0,0,0,0,0,0,0,0,0,0,0,0,0,0,0,0,0,0,0,0,0,0,0,0,-2.885,-4.295],\"duration\":5,\"offset\":0,\"tweenEasing\":0},{\"vertices\":[-0.325,0.325,0,0,0,0,0,0,0,0,0,0,0,0,0,0,0,0,0,0,0,0,0,0,0,0,0,0,0,0,0,0,0,0,0,0,-5.77,-8.595],\"duration\":5,\"offset\":0,\"tweenEasing\":0},{\"vertices\":[-5.69,-6.635,0,0,0,0,0,0,0,0,0,0,0,0,0,0,0,0,0,0,0,0,0,0,0,0,0,0,0,0,0,0,0,0,0,0,-2.885,-4.295],\"duration\":5,\"offset\":0,\"tweenEasing\":0},{\"vertices\":[-0.025,-7.395,0,0,0,0,0,0,0,0,0,0,0,0,0,0,0,0,0,0,0,0,0,0,0,0,0,0,0,0,0,0,0,0,0,0,0,0],\"duration\":5,\"offset\":0,\"tweenEasing\":0},{\"vertices\":[-3.035,-2.02,0,0,0,0,0,0,0,0,0,0,0,0,0,0,0,0,0,0,0,0,0,0,0,0,0,0,0,0,0,0,0,0,0,0,-2.885,-4.295],\"duration\":5,\"offset\":0,\"tweenEasing\":0},{\"vertices\":[-0.325,0.325,0,0,0,0,0,0,0,0,0,0,0,0,0,0,0,0,0,0,0,0,0,0,0,0,0,0,0,0,0,0,0,0,0,0,-5.77,-8.595],\"duration\":5,\"offset\":0,\"tweenEasing\":0},{\"vertices\":[-5.69,-6.635,0,0,0,0,0,0,0,0,0,0,0,0,0,0,0,0,0,0,0,0,0,0,0,0,0,0,0,0,0,0,0,0,0,0,-2.885,-4.295],\"duration\":5,\"offset\":0,\"tweenEasing\":0},{\"vertices\":[-0.025,-7.395,0,0,0,0,0,0,0,0,0,0,0,0,0,0,0,0,0,0,0,0,0,0,0,0,0,0,0,0,0,0,0,0,0,0,0,0],\"duration\":0,\"offset\":0,\"tweenEasing\":null}],\"scale\":1,\"skin\":\"\",\"name\":\"leg-right\",\"offset\":0},{\"slot\":\"leg-left\",\"frame\":[{\"vertices\":[-2.475,5.755,0,0,0,0,0,0,0,0,0,0,0,0,0,0,0,0,0,0,0,0,0,0,0,0,0,0,-2.195,-3.66,0,0,0,0,0,0,0,0,0,0,0,0,0,0],\"duration\":5,\"offset\":0,\"tweenEasing\":0},{\"vertices\":[-5.42,-1.99,0,0,0,0,0,0,0,0,0,0,0,0,0,0,0,0,0,0,0,0,0,0,0,0,0,0,-2.195,-3.66,0,0,0,0,0,0,0,0,0,0,0,0,0,0],\"duration\":1,\"offset\":0,\"tweenEasing\":0},{\"vertices\":[-4.34,-2.425,0,0,0,0,0,0,0,0,0,0,0,0,0,0,0,0,0,0,0,0,0,0,0,0,0,0,-2.195,-3.66,0,0,0,0,0,0,0,0,0,0,0,0,0,0],\"duration\":4,\"offset\":0,\"tweenEasing\":0},{\"vertices\":[-2.3,-3.865,0,0,0,0,0,0,0,0,0,0,0,0,0,0,0,0,0,0,0,0,0,0,0,0,0,0,-2.195,-3.66,0,0,0,0,0,0,0,0,0,0,0,0,0,0],\"duration\":5,\"offset\":0,\"tweenEasing\":0},{\"vertices\":[-4.33,0.72,0,0,0,0,0,0,0,0,0,0,0,0,0,0,0,0,0,0,0,0,0,0,0,0,0,0,-2.195,-3.66,0,0,0,0,0,0,0,0,0,0,0,0,0,0],\"duration\":5,\"offset\":0,\"tweenEasing\":0},{\"vertices\":[-2.475,5.755,0,0,0,0,0,0,0,0,0,0,0,0,0,0,0,0,0,0,0,0,0,0,0,0,0,0,-2.195,-3.66,0,0,0,0,0,0,0,0,0,0,0,0,0,0],\"duration\":5,\"offset\":0,\"tweenEasing\":0},{\"vertices\":[-5.42,-1.99,0,0,0,0,0,0,0,0,0,0,0,0,0,0,0,0,0,0,0,0,0,0,0,0,0,0,-2.195,-3.66,0,0,0,0,0,0,0,0,0,0,0,0,0,0],\"duration\":1,\"offset\":0,\"tweenEasing\":0},{\"vertices\":[-4.34,-2.425,0,0,0,0,0,0,0,0,0,0,0,0,0,0,0,0,0,0,0,0,0,0,0,0,0,0,-2.195,-3.66,0,0,0,0,0,0,0,0,0,0,0,0,0,0],\"duration\":4,\"offset\":0,\"tweenEasing\":0},{\"vertices\":[-2.3,-3.865,0,0,0,0,0,0,0,0,0,0,0,0,0,0,0,0,0,0,0,0,0,0,0,0,0,0,-2.195,-3.66,0,0,0,0,0,0,0,0,0,0,0,0,0,0],\"duration\":5,\"offset\":0,\"tweenEasing\":0},{\"vertices\":[-4.33,0.72,0,0,0,0,0,0,0,0,0,0,0,0,0,0,0,0,0,0,0,0,0,0,0,0,0,0,-2.195,-3.66,0,0,0,0,0,0,0,0,0,0,0,0,0,0],\"duration\":5,\"offset\":0,\"tweenEasing\":0},{\"vertices\":[-2.475,5.755,0,0,0,0,0,0,0,0,0,0,0,0,0,0,0,0,0,0,0,0,0,0,0,0,0,0,-2.195,-3.66,0,0,0,0,0,0,0,0,0,0,0,0,0,0],\"duration\":0,\"offset\":0,\"tweenEasing\":null}],\"scale\":1,\"skin\":\"\",\"name\":\"leg-left\",\"offset\":0}],\"playTimes\":0,\"frame\":[],\"slot\":[{\"name\":\"daji\",\"frame\":[{\"duration\":32,\"displayIndex\":-1,\"tweenEasing\":null},{\"duration\":3,\"tweenEasing\":null},{\"duration\":3,\"tweenEasing\":0},{\"duration\":2,\"color\":{\"aM\":0},\"tweenEasing\":null}]}],\"bone\":[{\"name\":\"root\",\"frame\":[{\"duration\":40,\"transform\":{}}]},{\"name\":\"body\",\"frame\":[{\"duration\":5,\"transform\":{\"skX\":10.0126,\"y\":5.8703,\"skY\":10.0126,\"x\":16.66735},\"tweenEasing\":0},{\"duration\":5,\"transform\":{\"skX\":10.0126,\"y\":-0.2681,\"skY\":10.0126,\"x\":16.66735},\"tweenEasing\":0},{\"duration\":5,\"transform\":{\"skX\":10.0126,\"y\":5.8703,\"skY\":10.0126,\"x\":16.66735},\"tweenEasing\":0},{\"duration\":5,\"transform\":{\"skX\":10.0126,\"y\":-0.2681,\"skY\":10.0126,\"x\":16.66735},\"tweenEasing\":0},{\"duration\":5,\"transform\":{\"skX\":10.0126,\"y\":5.8703,\"skY\":10.0126,\"x\":16.66735},\"tweenEasing\":0},{\"duration\":2,\"transform\":{\"skX\":10.0126,\"y\":-0.2681,\"skY\":10.0126,\"x\":16.66735},\"tweenEasing\":0},{\"duration\":3,\"transform\":{\"skX\":10.0126,\"y\":2.1873,\"skY\":10.0126,\"x\":16.66735},\"tweenEasing\":0},{\"duration\":1,\"transform\":{\"skX\":-16.761,\"y\":5.8703,\"skY\":-16.761,\"x\":16.66735},\"tweenEasing\":0},{\"duration\":4,\"transform\":{\"skX\":21.8439,\"y\":4.64265,\"skY\":21.8439,\"x\":16.66735},\"tweenEasing\":0},{\"duration\":3,\"transform\":{\"skX\":13.3353,\"y\":-0.2681,\"skY\":13.3353,\"x\":16.66735},\"tweenEasing\":0},{\"duration\":2,\"transform\":{\"skX\":6.9538,\"y\":3.41495,\"skY\":6.9538,\"x\":16.66735},\"tweenEasing\":0},{\"duration\":0,\"transform\":{\"skX\":10.0126,\"y\":5.8703,\"skY\":10.0126,\"x\":16.66735}}]},{\"name\":\"leg-l_ikTarget\",\"frame\":[{\"duration\":5,\"transform\":{\"y\":-32.4587,\"x\":-26.73995},\"tweenEasing\":0},{\"duration\":5,\"transform\":{\"y\":-17.80695,\"x\":-15.8704},\"tweenEasing\":0},{\"duration\":5,\"transform\":{\"y\":-0.10785,\"x\":44.28015},\"tweenEasing\":0},{\"duration\":5,\"transform\":{\"y\":-17.27195,\"x\":-8.6846},\"tweenEasing\":0},{\"duration\":5,\"transform\":{\"y\":-32.4587,\"x\":-26.73995},\"tweenEasing\":0},{\"duration\":5,\"transform\":{\"y\":-16.2833,\"x\":8.7701},\"tweenEasing\":0},{\"duration\":5,\"transform\":{\"y\":-0.10785,\"x\":44.28015},\"tweenEasing\":0},{\"duration\":5,\"transform\":{\"y\":-17.80695,\"x\":-15.8704},\"tweenEasing\":0},{\"duration\":0,\"transform\":{\"y\":-32.4587,\"x\":-26.73995}}]},{\"name\":\"legright_ikTarget1\",\"frame\":[{\"duration\":5,\"transform\":{\"y\":-1.7902,\"x\":49.19915},\"tweenEasing\":0},{\"duration\":5,\"transform\":{\"y\":-6.91295,\"x\":4.12625},\"tweenEasing\":0},{\"duration\":5,\"transform\":{\"y\":-28.91565,\"x\":-25.9223},\"tweenEasing\":0},{\"duration\":5,\"transform\":{\"y\":-15.3529,\"x\":11.6384},\"tweenEasing\":0},{\"duration\":5,\"transform\":{\"y\":-1.7902,\"x\":49.19915},\"tweenEasing\":0},{\"duration\":5,\"transform\":{\"y\":-6.91295,\"x\":4.12625},\"tweenEasing\":0},{\"duration\":5,\"transform\":{\"y\":-28.91565,\"x\":-25.9223},\"tweenEasing\":0},{\"duration\":5,\"transform\":{\"y\":-15.3529,\"x\":11.6384},\"tweenEasing\":0},{\"duration\":0,\"transform\":{\"y\":-1.7902,\"x\":49.19915}}]},{\"name\":\"body1\",\"frame\":[{\"duration\":5,\"transform\":{},\"tweenEasing\":0},{\"duration\":5,\"transform\":{\"skX\":3.2836,\"skY\":3.2836},\"tweenEasing\":0},{\"duration\":5,\"transform\":{},\"tweenEasing\":0},{\"duration\":5,\"transform\":{\"skX\":3.2836,\"skY\":3.2836},\"tweenEasing\":0},{\"duration\":5,\"transform\":{},\"tweenEasing\":0},{\"duration\":5,\"transform\":{\"skX\":3.2836,\"skY\":3.2836},\"tweenEasing\":0},{\"duration\":5,\"transform\":{},\"tweenEasing\":0},{\"duration\":5,\"transform\":{\"skX\":3.2836,\"skY\":3.2836},\"tweenEasing\":0},{\"duration\":0,\"transform\":{}}]},{\"name\":\"leg-left\",\"frame\":[{\"duration\":40,\"transform\":{}}]},{\"name\":\"leg-right\",\"frame\":[{\"duration\":40,\"transform\":{}}]},{\"name\":\"hand-right\",\"frame\":[{\"duration\":40,\"transform\":{}}]},{\"name\":\"hand-left\",\"frame\":[{\"duration\":40,\"transform\":{}}]},{\"name\":\"head\",\"frame\":[{\"duration\":10,\"transform\":{},\"tweenEasing\":0},{\"duration\":10,\"transform\":{\"skX\":-5.2742,\"skY\":-5.2742},\"tweenEasing\":0},{\"duration\":8,\"transform\":{},\"tweenEasing\":0},{\"duration\":2,\"transform\":{\"skX\":10.0126,\"skY\":10.0126},\"tweenEasing\":0},{\"duration\":2,\"transform\":{\"skX\":-5.8905,\"skY\":-5.8905},\"tweenEasing\":0},{\"duration\":2,\"transform\":{\"skX\":21.8439,\"skY\":21.8439},\"tweenEasing\":0},{\"duration\":6,\"transform\":{\"skX\":10.0126,\"skY\":10.0126},\"tweenEasing\":0},{\"duration\":0,\"transform\":{}}]},{\"name\":\"leg-right1\",\"frame\":[{\"duration\":40,\"transform\":{}}]},{\"name\":\"leg-left1\",\"frame\":[{\"duration\":40,\"transform\":{}}]},{\"name\":\"hand-right1\",\"frame\":[{\"duration\":40,\"transform\":{}}]},{\"name\":\"leg-left2\",\"frame\":[{\"duration\":40,\"transform\":{}}]},{\"name\":\"leg-right2\",\"frame\":[{\"duration\":40,\"transform\":{}}]},{\"name\":\"hand-left1\",\"frame\":[{\"duration\":40,\"transform\":{}}]},{\"name\":\"eye-right\",\"frame\":[{\"duration\":30,\"transform\":{}},{\"duration\":3,\"transform\":{},\"tweenEasing\":0},{\"duration\":3,\"transform\":{\"scX\":0.01},\"tweenEasing\":0},{\"duration\":4,\"transform\":{}}]},{\"name\":\"zui\",\"frame\":[{\"duration\":25,\"transform\":{}},{\"duration\":7,\"transform\":{},\"tweenEasing\":0},{\"duration\":2,\"transform\":{\"scX\":0.4687},\"tweenEasing\":0},{\"duration\":4,\"transform\":{\"scX\":1.1748,\"scY\":1.1748},\"tweenEasing\":0},{\"duration\":2,\"transform\":{}}]},{\"name\":\"brow-right\",\"frame\":[{\"duration\":40,\"transform\":{}}]},{\"name\":\"nose\",\"frame\":[{\"duration\":40,\"transform\":{}}]},{\"name\":\"eye-left\",\"frame\":[{\"duration\":30,\"transform\":{}},{\"duration\":3,\"transform\":{},\"tweenEasing\":0},{\"duration\":3,\"transform\":{\"scX\":0.01},\"tweenEasing\":0},{\"duration\":4,\"transform\":{}}]},{\"name\":\"brow-left\",\"frame\":[{\"duration\":40,\"transform\":{}}]},{\"name\":\"hand-left2\",\"frame\":[{\"duration\":40,\"transform\":{}}]},{\"name\":\"hand-right2\",\"frame\":[{\"duration\":40,\"transform\":{}}]},{\"name\":\"hand-l_ikTarget1\",\"frame\":[{\"duration\":3,\"transform\":{\"x\":57.16415},\"tweenEasing\":0},{\"duration\":7,\"transform\":{\"x\":0.16975},\"tweenEasing\":0},{\"duration\":10,\"transform\":{\"x\":0.16975},\"tweenEasing\":0},{\"duration\":7,\"transform\":{\"x\":0.16975},\"tweenEasing\":0},{\"duration\":3,\"transform\":{\"x\":0.16975},\"tweenEasing\":0},{\"duration\":1,\"transform\":{\"y\":-5.3175,\"x\":-9.579},\"tweenEasing\":0},{\"duration\":7,\"transform\":{\"y\":-53.9686,\"x\":105.0538},\"tweenEasing\":0},{\"duration\":2,\"transform\":{\"y\":-68.91955,\"x\":94.22725},\"tweenEasing\":0},{\"duration\":0,\"transform\":{\"x\":57.16415}}]},{\"name\":\"hand-r_ikTarget2\",\"frame\":[{\"duration\":10,\"transform\":{\"y\":4.76295,\"x\":-15.12825},\"tweenEasing\":0},{\"duration\":10,\"transform\":{\"y\":5.5182,\"x\":31.5831},\"tweenEasing\":0},{\"duration\":10,\"transform\":{\"y\":4.76295,\"x\":-15.12825},\"tweenEasing\":0},{\"duration\":10,\"transform\":{\"y\":5.5182,\"x\":31.5831},\"tweenEasing\":0},{\"duration\":0,\"transform\":{\"y\":4.76295,\"x\":-15.12825}}]},{\"name\":\"daji\",\"frame\":[{\"duration\":32,\"transform\":{}},{\"duration\":6,\"transform\":{\"y\":-8.18325,\"scX\":0.846,\"scY\":0.846,\"x\":-160.976},\"tweenEasing\":0},{\"duration\":2,\"transform\":{\"y\":-8.18325,\"scX\":1.5512,\"scY\":1.5512,\"x\":-160.976}}]},{\"name\":\"shadow\",\"frame\":[{\"duration\":5,\"transform\":{\"scX\":0.7817,\"scY\":0.7817,\"x\":11.03405},\"tweenEasing\":0},{\"duration\":5,\"transform\":{\"x\":11.03405},\"tweenEasing\":0},{\"duration\":5,\"transform\":{\"scX\":0.7817,\"scY\":0.7817,\"x\":11.03405},\"tweenEasing\":0},{\"duration\":5,\"transform\":{\"x\":11.03405},\"tweenEasing\":0},{\"duration\":5,\"transform\":{\"scX\":0.7817,\"scY\":0.7817,\"x\":11.03405},\"tweenEasing\":0},{\"duration\":5,\"transform\":{\"x\":11.03405},\"tweenEasing\":0},{\"duration\":5,\"transform\":{\"scX\":0.7817,\"scY\":0.7817,\"x\":11.03405},\"tweenEasing\":0},{\"duration\":5,\"transform\":{\"x\":11.03405},\"tweenEasing\":0},{\"duration\":0,\"transform\":{\"scX\":0.7817,\"scY\":0.7817,\"x\":11.03405}}]},{\"name\":\"role\",\"frame\":[{\"duration\":5,\"transform\":{\"y\":-24.5712},\"tweenEasing\":0},{\"duration\":5,\"transform\":{},\"tweenEasing\":0},{\"duration\":5,\"transform\":{\"y\":-24.5712},\"tweenEasing\":0},{\"duration\":5,\"transform\":{},\"tweenEasing\":0},{\"duration\":5,\"transform\":{\"y\":-24.5712},\"tweenEasing\":0},{\"duration\":2,\"transform\":{},\"tweenEasing\":0},{\"duration\":3,\"transform\":{\"y\":-9.8285},\"tweenEasing\":0},{\"duration\":1,\"transform\":{\"y\":-31.1962,\"x\":-19.0756},\"tweenEasing\":0},{\"duration\":5,\"transform\":{\"y\":-19.65695,\"x\":17.10265},\"tweenEasing\":0},{\"duration\":4,\"transform\":{\"y\":-7.41815},\"tweenEasing\":0},{\"duration\":0,\"transform\":{\"y\":-24.5712}}]}],\"ik\":[{\"scale\":1,\"name\":\"bone_ik\",\"offset\":0,\"frame\":[{\"duration\":20,\"weight\":1,\"bendPositive\":true,\"tweenEasing\":0},{\"duration\":20,\"weight\":1,\"bendPositive\":true,\"tweenEasing\":0},{\"duration\":0,\"weight\":1,\"bendPositive\":true,\"tweenEasing\":null}]},{\"scale\":1,\"name\":\"bone_ik3\",\"offset\":0,\"frame\":[{\"duration\":20,\"weight\":1,\"bendPositive\":false,\"tweenEasing\":0},{\"duration\":20,\"weight\":1,\"bendPositive\":false,\"tweenEasing\":null}]}],\"name\":\"attack\"}],\"skin\":[{\"name\":\"\",\"slot\":[{\"display\":[{\"type\":\"image\",\"transform\":{\"skX\":89.6757,\"y\":4.25935,\"skY\":89.6757,\"x\":0.3366},\"name\":\"zui\",\"path\":\"zui\"}],\"name\":\"zui\"},{\"display\":[{\"type\":\"image\",\"transform\":{\"skX\":89.6757,\"y\":0.26815,\"skY\":89.6757,\"x\":0.3172},\"name\":\"brow-left\",\"path\":\"brow-left\"}],\"name\":\"brow-left\"},{\"display\":[{\"type\":\"image\",\"transform\":{\"skX\":89.6757,\"y\":-0.25845,\"skY\":89.6757,\"x\":0.23645},\"name\":\"brow-right\",\"path\":\"brow-right\"}],\"name\":\"brow-right\"},{\"display\":[{\"userEdges\":[],\"weights\":[3,14,0.9388597821489222,23,0.04459832301255934,27,0.01654189483851845,3,14,0.849341545075638,23,0.11408772349267844,27,0.03657073143168363,3,14,0.5807342649011319,23,0.35565869557472085,27,0.06360703952414731,3,14,0.6234442540323518,23,0.34338780128696494,27,0.033167944680683174,3,14,0.5083658554360465,23,0.46130440145672474,27,0.030329743107228788,3,14,0.022359977491705443,23,0.5393728071044026,27,0.43826721540389185,3,14,0.027175228531078555,27,0.5515434794182146,23,0.42128129205070686,3,14,0.034150887290126206,27,0.7641121672936604,23,0.20173694541621343,3,14,0.024716086777151744,27,0.8774907008163821,23,0.097793212406466,3,14,0.03516417622569416,27,0.8429445863739337,23,0.12189123740037215,3,14,0.00619638740120806,27,0.9584428378203231,23,0.035360774778468856,3,14,0.022671159058022635,27,0.8665172849444053,23,0.1108115559975722,3,14,0.06609761349409282,27,0.5642838588153023,23,0.369618527690605,3,14,0.022774711428426925,23,0.4976609362329894,27,0.47956435233858374,3,14,0.03836434133481707,23,0.6545105428851131,27,0.30712511578006996,3,14,0.49201755900359695,23,0.47632703688837713,27,0.031655404108025836,3,14,0.6470053538320698,23,0.3202701974401442,27,0.03272444872778617,3,14,0.570593558957932,23,0.3671239547379275,27,0.06228248630414064,3,14,0.8070627441736105,23,0.15266174516244982,27,0.04027551066393973,3,14,0.9057549226875563,23,0.06758297080880286,27,0.02666210650364072],\"width\":23,\"path\":\"hand-left\",\"slotPose\":[0.9956656661187917,0.09300473811705458,-0.09300473811705458,0.9956656661187917,-21.44087938414833,-105.17799310528216],\"height\":74,\"type\":\"mesh\",\"transform\":{\"skX\":-80.1394,\"y\":-9.09225,\"skY\":-80.1394,\"x\":-14.9574},\"vertices\":[2.975,-37.25,-5,-31.35,-10.025,-15.4,-6.775,-11.9,-7.25,-7.9,-9.975,13.55,-11.75,20.125,-11.75,29.75,-6.3,37.25,1.525,37.25,-1.325,29.425,1.525,29.425,3.625,21.1,-1.8,16.15,-1.325,12.75,3.8,-4.025,5.725,-9.025,9.4,-9.025,11.75,-20.4,11.75,-37.25],\"uvs\":[0.6266,0,0.28723,0.07919,0.0734,0.29329,0.2117,0.34027,0.19149,0.39396,0.07553,0.68188,0,0.77013,0,0.89933,0.23191,1,0.56489,1,0.44362,0.89497,0.56489,0.89497,0.65426,0.78322,0.4234,0.71678,0.44362,0.67114,0.6617,0.44597,0.74362,0.37886,0.9,0.37886,1,0.22617,1,0],\"bonePose\":[14,-0.35081585805765264,0.9364444637752273,-0.9364444637752273,-0.35081585805765264,-13.675000000000006,-134.9,23,-0.2949941722592499,0.9554990519791635,-0.9554990519791635,-0.2949941722592499,-23.05,-109.875,27,0.07887804852537339,0.996884272852586,-0.996884272852586,0.07887804852537339,-29.325000000000006,-89.54999999999998],\"name\":\"hand-left\",\"triangles\":[0,1,18,3,16,18,1,3,18,16,17,18,0,18,19,2,3,1,4,14,15,4,15,16,3,4,16,4,5,14,10,11,12,13,10,12,13,6,10,10,8,9,14,5,13,7,8,10,6,7,10,5,6,13],\"edges\":[0,1,1,2,2,3,3,4,4,5,5,6,6,7,7,8,8,9,9,10,10,11,11,12,12,13,13,14,14,15,15,16,16,17,17,18,18,19,19,0]}],\"name\":\"hand-left\"},{\"display\":[{\"type\":\"image\",\"transform\":{\"y\":-1.00865,\"x\":-0.99455},\"name\":\"eye-right\",\"path\":\"eye-right\"}],\"name\":\"eye-right\"},{\"display\":[{\"userEdges\":[],\"weights\":[2,6,0.7271741396878507,9,0.2728258603121492,2,6,0.9896138112786971,9,0.010386188721302921,2,6,0.7161259070231565,9,0.2838740929768435,2,6,0.5523877492309075,9,0.44761225076909256,2,6,0.4543226821503092,9,0.5456773178496909,2,6,0.2045275995203366,9,0.7954724004796634,2,6,0.07871751931546968,9,0.9212824806845304,2,6,0.07773279939255699,9,0.9222672006074429,2,6,0.07950532399674715,9,0.920494676003253,2,6,0.08157562269626405,9,0.9184243773037358,2,6,0.2137750992531151,9,0.7862249007468849,2,6,0.4504341977403027,9,0.5495658022596973,2,6,0.5614137976340933,9,0.43858620236590673,2,6,0.04353946962120271,9,0.9564605303787973,2,6,0.004106279171859248,9,0.9958937208281406,2,6,0.026286226138163192,9,0.9737137738618368,2,6,0.034577802143810815,9,0.9654221978561892,2,6,0.06257706629174632,9,0.9374229337082536,2,6,0.06594514560248803,9,0.934054854397512,2,6,0.25688974067949716,9,0.7431102593205029,2,6,0.9543122873523258,9,0.04568771264767423],\"width\":48,\"path\":\"body\",\"slotPose\":[1.0000000000000002,0,0,1.0000000000000002,3.4395101310231553,-112.04651518854442],\"height\":79,\"type\":\"mesh\",\"transform\":{\"skX\":90.5606,\"y\":0.00085,\"skY\":90.5606,\"x\":8.82195},\"vertices\":[-24.225,39.75,-1.825,39.75,24.275,39.75,24.275,20.925,24.275,-2.15,20.45,-26.425,11.825,-33.825,9.5,-39.75,-10.425,-39.75,-12.8,-33.075,-22.975,-27.95,-24.225,-2.15,-24.225,21.275,-8.34,-27.88,-2.215,-22.055,5.135,-23.28,6.985,-28.805,6.76,-39.75,-8.065,-39.75,3.935,3.57,3.56,25.345],\"uvs\":[-0.00469,0.99999,0.46198,0.99999,1.00573,0.99999,1.00573,0.76321,1.00573,0.47296,0.92604,0.16762,0.74635,0.07453,0.69792,0,0.28281,0,0.23333,0.08397,0.02136,0.14843,-0.00469,0.47296,-0.00469,0.76761,0.32626,0.14933,0.45386,0.22261,0.60699,0.20719,0.64552,0.13769,0.64084,0,0.33199,0,0.58199,0.54492,0.57418,0.81882],\"bonePose\":[6,0.013320310134104056,-0.9999112807334115,0.9999112807334115,0.013320310134104056,3.15,-75.075,9,-0.009784267445299895,-0.9999521329096502,0.9999521329096502,-0.009784267445299895,3.5250000000000004,-103.22500000000001],\"name\":\"body\",\"triangles\":[5,15,4,15,19,4,4,19,3,19,20,3,3,20,2,20,1,2,6,16,5,16,15,5,14,19,15,7,17,6,17,16,6,14,11,19,19,12,20,14,15,16,13,14,16,17,18,16,18,13,16,11,12,19,12,1,20,10,11,13,18,9,13,13,11,14,12,0,1,8,9,18,9,10,13],\"edges\":[0,1,1,2,2,3,3,4,4,5,5,6,6,7,8,9,9,10,10,11,11,12,12,0,7,17,17,18,18,8]}],\"name\":\"body\"},{\"display\":[{\"type\":\"image\",\"transform\":{\"skX\":89.2368,\"y\":0.8168,\"skY\":89.2368,\"x\":-5.58835},\"name\":\"body3\",\"path\":\"body3\"}],\"name\":\"body3\"},{\"display\":[{\"type\":\"image\",\"transform\":{\"y\":-2.2193,\"x\":-4.55805},\"name\":\"daji\",\"path\":\"daji\"}],\"name\":\"daji\"},{\"display\":[{\"type\":\"image\",\"transform\":{\"skX\":89.6757,\"y\":-5.49315,\"skY\":89.6757,\"x\":64.41865},\"name\":\"head\",\"path\":\"head\"}],\"name\":\"head\"},{\"display\":[{\"type\":\"image\",\"transform\":{\"skX\":89.6757,\"y\":1.3139,\"skY\":89.6757,\"x\":0.23155},\"name\":\"eye-left\",\"path\":\"eye-left\"}],\"name\":\"eye-left\"},{\"display\":[{\"type\":\"image\",\"transform\":{\"skX\":89.6757,\"y\":0.5325,\"skY\":89.6757,\"x\":-0.3527},\"name\":\"nose\",\"path\":\"nose\"}],\"name\":\"nose\"},{\"display\":[{\"userEdges\":[],\"weights\":[3,15,0.9057082290155706,24,0.06509593316281208,28,0.029195837821617374,3,15,0.9184210667294611,24,0.057462958636374406,28,0.024115974634164438,3,15,0.6288851019464381,24,0.3030625629740076,28,0.06805233507955416,3,15,0.7336848994679656,24,0.2265205624735982,28,0.039794538058436184,3,15,0.48559193946874996,24,0.4825463693040394,28,0.0318616912272107,3,15,0.37415403505656875,24,0.5873965580290262,28,0.03844940691440507,3,15,0.024225496619282184,24,0.5809778221479184,28,0.39479668123279943,3,15,0.07003159667775023,28,0.5585284194402007,24,0.3714399838820491,3,15,0.040015321269161776,28,0.7712777488470234,24,0.1887069298838148,3,15,0.012498377797008142,28,0.9359799617337715,24,0.051521660469220305,3,15,0.02308908761748112,28,0.8929739156229195,24,0.08393699675959945,3,15,0.02741284339778417,28,0.8660231722837683,24,0.10656398431844744,3,15,0.03685753296658113,28,0.7143584152244907,24,0.24878405180892815,3,15,0.04848150377839291,24,0.5075833183924301,28,0.44393517782917696,3,15,0.4492762640365268,24,0.4969180751185461,28,0.05380566084492719,3,15,0.5520762373274177,24,0.415869443157133,28,0.03205431951544933,3,15,0.8180455041087319,24,0.15730958336136935,28,0.02464491252989866,3,15,0.684938343903985,24,0.256652698457574,28,0.05840895763844087,3,15,0.9070772847756685,24,0.06481782920816746,28,0.028104886016164152],\"width\":23,\"path\":\"hand-right\",\"slotPose\":[0.992954759644571,-0.11849407284414011,0.11849407284414011,0.992954759644571,26.369743384999627,-104.87589810649936],\"height\":74,\"type\":\"mesh\",\"transform\":{\"skX\":-94.7721,\"y\":8.3578,\"skY\":-94.7721,\"x\":-13.0833},\"vertices\":[-9.825,-37.455,-11.725,-32.455,-9.675,-9.555,-6.425,-10.105,-2.75,-1.855,-0.975,2.27,2.85,15.82,-2.6,21.57,-2.15,27.645,0.8,33.645,2.125,37.045,7.575,37.045,11.775,28.22,11.775,14.195,8.9,0.045,7.725,-4.805,5.65,-12.755,9.5,-15.28,1.225,-37.455],\"uvs\":[0.08085,0,0,0.06711,0.08723,0.3745,0.22553,0.36711,0.38191,0.47785,0.45745,0.53322,0.62021,0.7151,0.3883,0.79228,0.40745,0.87383,0.53298,0.95436,0.58936,1,0.82128,1,1,0.88154,1,0.69329,0.87766,0.50336,0.82766,0.43826,0.73936,0.33154,0.90319,0.29765,0.55106,0],\"bonePose\":[15,0.3518831789767746,0.936043924371714,-0.936043924371714,0.3518831789767746,19.175000000000004,-133.35000000000002,24,0.3284187190758538,0.9445322360621554,-0.9445322360621554,0.3284187190758538,28.950000000000003,-106.35,28,-0.0831919651754931,0.9965335402936718,-0.9965335402936718,-0.0831919651754931,35.2,-88.375],\"name\":\"hand-right\",\"triangles\":[18,1,16,5,6,14,18,16,17,6,7,12,7,8,12,9,11,12,8,9,12,6,12,13,14,6,13,1,3,16,9,10,11,15,5,14,16,4,15,4,5,15,3,4,16,0,1,18,1,2,3],\"edges\":[0,1,2,3,3,4,4,5,5,6,6,7,7,8,9,10,10,11,11,12,12,13,13,14,14,15,15,16,16,17,17,18,18,0,1,2,8,9]}],\"name\":\"hand-right\"},{\"display\":[{\"userEdges\":[16,17,17,18,18,19,19,20,20,21],\"weights\":[3,11,0.8869078764915478,16,0.08478036114229784,17,0.0283117623661544,3,11,0.5454351591656205,16,0.4049625467344357,17,0.049602294099943905,3,11,0.4662196426129309,16,0.4679443233022849,17,0.06583603408478407,3,11,0.37000560107272934,16,0.5133390565664595,17,0.11665534236081114,3,11,0.05061964450195224,17,0.4761491354477916,16,0.4732312200502562,3,11,0.013051152752694849,17,0.8980140967820499,16,0.08893475046525522,3,11,0.05764179340445098,17,0.8084230782363873,16,0.13393512835916163,3,11,0.08761127256796432,17,0.7653891423880154,16,0.14699958504402036,3,11,0.13130709012807087,17,0.5961952183792525,16,0.27249769149267655,3,11,0.08800324350275829,17,0.4628235092018183,16,0.44917324729542346,3,11,0.3251816717658745,16,0.5639694283933674,17,0.11084889984075814,3,11,0.5019881947581719,16,0.4551377850733619,17,0.04287402016846622,3,11,0.5937657847600838,16,0.3661103972374756,17,0.040123818002440706,3,11,0.5312110382058902,16,0.3944483427091522,17,0.0743406190849577,3,11,0.8786698495757314,16,0.08974808242679522,17,0.03158206799747341,3,11,0.13979708292566723,16,0.5495685027654591,17,0.3106344143088737,3,11,0.999308398434958,16,0.0005255877944056361,17,0.00016601377063646248,3,11,0.9981160910641679,16,0.0017995007733344278,17,0.00008440816249768066,3,11,0.00044087062900609054,16,0.9995567950494277,17,0.000002334321566142669,3,11,0.000035405145083988135,16,0.9998177813994583,17,0.0001468134554578248,3,11,0.00005137346629358601,16,0.9899898300428234,17,0.0099587964908831,3,11,0.0034417292359859948,17,0.9850344227203085,16,0.011523848043705489],\"width\":37,\"path\":\"leg-left\",\"slotPose\":[0.9992443109819676,0.038869100454893724,-0.03886910045489997,0.9992443109819676,-1.8997655576319525,-33.699304611801075],\"height\":65,\"type\":\"mesh\",\"transform\":{\"skX\":-1.966,\"y\":-28.38235,\"skY\":-1.966,\"x\":6.5924},\"vertices\":[-18.525,-32.525,-18.525,-4.875,-18.525,2.8,-18.525,9.025,-16.85,32.475,4.125,32.475,18.5,32.475,18.5,23.2,7.825,18.1,1,19.8,0.45,9.325,0.45,-0.875,0.675,-5.075,4.775,-5.65,4,-32.5,-17.77,19.61,-7.57,-32.515,-7.705,-5.755,-8.1,4.015,-7.87,19.62,-7.43,26.41,8.78,26.955],\"uvs\":[-0.00068,-0.00038,-0.00068,0.425,-0.00068,0.54308,-0.00068,0.63885,0.04459,0.99962,0.61149,0.99962,1,0.99962,1,0.85692,0.71149,0.77846,0.52703,0.80462,0.51216,0.64346,0.51216,0.48654,0.51824,0.42192,0.62905,0.41308,0.60811,0,0.01976,0.80168,0.29545,-0.0002,0.29176,0.41145,0.28108,0.5618,0.28734,0.80185,0.29921,0.90628,0.73727,0.91467],\"bonePose\":[11,-0.0572169126402469,0.9983617705561036,-0.9983617705561036,-0.05721691264024734,-8.2,-65.7,16,-0.015050035624461285,0.9998867418001413,-0.9998867418001411,-0.015050035624461722,-10.15,-32.44999999999999,17,0.9973226644544605,0.07312662282271419,-0.07312662282271376,0.9973226644544605,-10.55,-5.8750000000000036],\"name\":\"leg-left\",\"triangles\":[8,21,7,7,21,6,21,5,6,16,17,12,16,12,14,14,12,13,8,9,21,20,4,5,16,0,17,18,10,11,12,17,11,10,19,9,19,20,9,18,19,10,17,18,11,1,2,18,0,1,17,1,18,17,18,3,19,3,15,19,19,15,20,15,4,20,2,3,18,5,20,21,9,20,21],\"edges\":[0,1,1,2,2,3,4,5,5,6,6,7,7,8,8,9,9,10,10,11,11,12,12,13,13,14,3,15,15,4,14,16,16,0]}],\"name\":\"leg-left\"},{\"display\":[{\"userEdges\":[],\"weights\":[3,10,0.8857178340712126,12,0.08610825128642632,22,0.028173914642361037,3,12,0.15787839630259762,22,0.038026410106784946,10,0.8040951935906174,3,12,0.42449611506983387,22,0.05472994537926971,10,0.5207739395508963,3,12,0.4055950078409564,22,0.03655735882374278,10,0.5578476333353007,3,12,0.4804947164496231,22,0.03985478821423768,10,0.47965049533613935,3,12,0.6977631982722257,22,0.210061674244939,10,0.09217512748283534,3,12,0.5487149506293345,22,0.38436146402921234,10,0.06692358534145314,3,22,0.49373520171669244,12,0.47112713350288843,10,0.03513766478041918,3,22,0.8497111383147126,12,0.12974693764293876,10,0.020541924042348794,3,22,0.8648783419155388,12,0.09213463656395646,10,0.04298702152050474,3,22,0.8617098341412565,12,0.08543108258166944,10,0.05285908327707415,3,22,0.7492702197379604,12,0.17597075555152208,10,0.0747590247105176,3,22,0.7047281042212571,12,0.2558555943938425,10,0.039416301384900515,3,12,0.5002770732962842,22,0.3680423595814784,10,0.13168056712223752,3,12,0.46538292715091784,10,0.49178238158503484,22,0.04283469126404728,3,12,0.38967582259991723,22,0.04565496983209318,10,0.5646692075679896,3,12,0.4077479775540067,22,0.0763101979966996,10,0.5159418244492936,3,12,0.20404502572632374,22,0.05210215974231236,10,0.743852814531364,3,10,0.8605098572679261,12,0.10414937213943085,22,0.03534077059264308],\"width\":35,\"path\":\"leg-right\",\"slotPose\":[0.9999999999999999,7.667477763817487e-16,-6.196432256189155e-15,0.9999999999999999,22.709819277311805,-32.197036299448335],\"height\":63,\"type\":\"mesh\",\"transform\":{\"skX\":-1.1721,\"y\":-26.509,\"skY\":-1.1721,\"x\":8.8694},\"vertices\":[-17.5,-31.75,-17.5,-21,-17.5,-4.85,-15.175,-4.85,-14.85,-0.15,-15,15.875,-16.875,20.425,-16.425,31.75,2.575,31.75,17.525,31.75,17.525,22.925,6.775,19.15,-0.1,21.2,0.7,15.875,1.325,-1.875,2.225,-6.1,5.65,-6.425,5.25,-19.9,4.75,-31.75],\"uvs\":[0,0,0,0.16929,0,0.42362,0.06643,0.42362,0.07571,0.49764,0.07143,0.75,0.01786,0.82165,0.03071,1,0.57357,1,1.00071,1,1.00071,0.86102,0.69357,0.80157,0.49714,0.83386,0.52,0.75,0.53786,0.47047,0.56357,0.40394,0.66143,0.39882,0.65,0.18661,0.63571,0],\"bonePose\":[10,6.245004513516506e-17,1,-1,6.245004513516506e-17,15.650000000000002,-63.349999999999994,12,-0.08933601637491377,0.9960015442649982,-0.9960015442649982,-0.08933601637491377,15.65,-32.075,22,0.9997907525691639,0.020456076778908802,-0.020456076778908802,0.9997907525691639,13.299999999999999,-5.8749999999999964],\"name\":\"leg-right\",\"triangles\":[11,8,10,10,8,9,15,16,17,12,8,11,0,1,18,18,1,17,1,15,17,4,13,14,1,3,15,4,5,13,12,7,8,3,14,15,3,4,14,6,7,12,5,12,13,5,6,12,1,2,3],\"edges\":[0,1,1,2,2,3,3,4,4,5,5,6,6,7,7,8,8,9,9,10,10,11,11,12,12,13,13,14,14,15,15,16,16,17,17,18,18,0]}],\"name\":\"leg-right\"},{\"display\":[{\"type\":\"image\",\"transform\":{\"y\":-0.38595,\"x\":2.2865},\"name\":\"shadow\",\"path\":\"shadow\"}],\"name\":\"shadow\"}]}],\"type\":\"Armature\",\"bone\":[{\"transform\":{},\"name\":\"root\"},{\"transform\":{},\"name\":\"role\",\"parent\":\"root\"},{\"transform\":{\"y\":-5.3708,\"x\":5.0402},\"name\":\"shadow\",\"parent\":\"root\"},{\"transform\":{\"y\":-88.4039,\"x\":35.18995},\"name\":\"hand-r_ikTarget2\",\"parent\":\"role\"},{\"transform\":{\"y\":-89.8095,\"x\":-29.2449},\"name\":\"hand-l_ikTarget1\",\"parent\":\"role\"},{\"transform\":{\"y\":-5.953,\"x\":-10.54885},\"name\":\"leg-l_ikTarget\",\"parent\":\"role\"},{\"length\":28,\"parent\":\"role\",\"transform\":{\"skX\":-89.2368,\"y\":-75.075,\"skY\":-89.2368,\"x\":3.15},\"name\":\"body\"},{\"transform\":{\"y\":-136.975,\"x\":299.075},\"name\":\"daji\",\"parent\":\"role\"},{\"transform\":{\"y\":-6.17895,\"x\":13.32725},\"name\":\"legright_ikTarget1\",\"parent\":\"role\"},{\"length\":38,\"parent\":\"body\",\"transform\":{\"skX\":-1.3238,\"skY\":-1.3238,\"x\":28.1525},\"name\":\"body1\"},{\"length\":31,\"parent\":\"body\",\"transform\":{\"skX\":179.2368,\"y\":12.65505,\"skY\":179.2368,\"x\":-11.55745},\"name\":\"leg-right\"},{\"length\":34,\"parent\":\"body\",\"transform\":{\"skX\":-177.4831,\"y\":-11.2241,\"skY\":-177.4831,\"x\":-9.52535},\"name\":\"leg-left\"},{\"length\":26,\"parent\":\"leg-right\",\"transform\":{\"skX\":5.1254,\"skY\":5.1254,\"x\":31.275},\"name\":\"leg-right1\"},{\"length\":70.5,\"parent\":\"body1\",\"transform\":{\"skX\":0.8849,\"y\":-0.38395,\"skY\":0.8849,\"x\":45.0809},\"name\":\"head\"},{\"length\":26.5,\"parent\":\"body1\",\"transform\":{\"skX\":-158.9022,\"y\":-16.88925,\"skY\":-158.9022,\"x\":31.84175},\"name\":\"hand-left\"},{\"length\":28.5,\"parent\":\"body1\",\"transform\":{\"skX\":159.9581,\"y\":15.944,\"skY\":159.9581,\"x\":29.97045},\"name\":\"hand-right\"},{\"length\":26.5,\"parent\":\"leg-left\",\"transform\":{\"skX\":-2.4177,\"y\":0.04435,\"skY\":-2.4177,\"x\":33.3071},\"name\":\"leg-left1\"},{\"length\":16,\"parent\":\"leg-left1\",\"transform\":{\"skX\":-86.6687,\"skY\":-86.6687,\"x\":26.578},\"name\":\"leg-left2\"},{\"transform\":{\"y\":31.05175,\"x\":70.45185},\"name\":\"brow-right\",\"parent\":\"head\"},{\"transform\":{\"y\":4.6723,\"x\":35.827},\"name\":\"nose\",\"parent\":\"head\"},{\"transform\":{\"y\":-21.6178,\"x\":47.2534},\"name\":\"eye-left\",\"parent\":\"head\"},{\"transform\":{\"y\":-17.8747,\"x\":70.57495},\"name\":\"brow-left\",\"parent\":\"head\"},{\"length\":19.5,\"parent\":\"leg-right1\",\"transform\":{\"skX\":-93.9533,\"skY\":-93.9533,\"x\":26.3052},\"name\":\"leg-right2\"},{\"length\":21,\"parent\":\"hand-left\",\"transform\":{\"skX\":-3.38,\"skY\":-3.38,\"x\":26.7234},\"name\":\"hand-left1\"},{\"length\":19,\"parent\":\"hand-right\",\"transform\":{\"skX\":1.4297,\"y\":0.351,\"skY\":1.4297,\"x\":28.71285},\"name\":\"hand-right1\"},{\"transform\":{\"y\":-5.8792,\"x\":18.392},\"name\":\"zui\",\"parent\":\"head\"},{\"transform\":{\"skX\":89.6757,\"y\":29.2673,\"skY\":89.6757,\"x\":45.61635},\"name\":\"eye-right\",\"parent\":\"head\"},{\"length\":14.5,\"parent\":\"hand-left1\",\"transform\":{\"skX\":-21.6813,\"skY\":-21.6813,\"x\":21.2716},\"name\":\"hand-left2\"},{\"length\":14,\"parent\":\"hand-right1\",\"transform\":{\"skX\":2.6627,\"skY\":2.6627,\"scX\":0.7173,\"x\":19.0306},\"name\":\"hand-right2\"}],\"ik\":[{\"target\":\"legright_ikTarget1\",\"chain\":1,\"bone\":\"leg-right1\",\"name\":\"bone_ik1\"},{\"target\":\"leg-l_ikTarget\",\"chain\":1,\"bone\":\"leg-left1\",\"name\":\"bone_ik\",\"bendPositive\":\"false\"},{\"target\":\"hand-l_ikTarget1\",\"chain\":1,\"bone\":\"hand-left1\",\"name\":\"bone_ik2\",\"bendPositive\":\"false\"},{\"target\":\"hand-r_ikTarget2\",\"chain\":1,\"bone\":\"hand-right1\",\"name\":\"bone_ik3\"}],\"name\":\"role1\",\"aabb\":{\"x\":-67.67846448952837,\"y\":-285.2487127378221,\"width\":130.5,\"height\":290.49193825301325}}],\"isGlobal\":0,\"name\":\"role1\"}"
}