{
  "__type__": "dragonBones.DragonBonesAsset",
  "_name": "autumn_ske",
  "_dragonBonesJson": "{\"frameRate\":24,\"version\":\"4.5\",\"isGlobal\":0,\"armature\":[{\"frameRate\":24,\"aabb\":{\"x\":-132.387160148303,\"y\":-244.22251589638714,\"width\":241.4410583166403,\"height\":254.80206611768594},\"animation\":[{\"ffd\":[],\"duration\":60,\"frame\":[],\"slot\":[{\"name\":\"zui2\",\"frame\":[{\"displayIndex\":-1,\"tweenEasing\":null,\"duration\":15},{\"tweenEasing\":null,\"duration\":6},{\"tweenEasing\":null,\"duration\":15},{\"displayIndex\":-1,\"tweenEasing\":null,\"duration\":24}]},{\"name\":\"zui\",\"frame\":[{\"tweenEasing\":null,\"duration\":15},{\"displayIndex\":-1,\"tweenEasing\":null,\"duration\":6},{\"displayIndex\":-1,\"tweenEasing\":null,\"duration\":15},{\"tweenEasing\":null,\"duration\":24}]}],\"playTimes\":0,\"name\":\"idle\",\"bone\":[{\"name\":\"root\",\"frame\":[{\"transform\":{},\"duration\":60}]},{\"name\":\"body\",\"frame\":[{\"tweenEasing\":0,\"transform\":{\"scX\":0.9474,\"scY\":1.0345},\"duration\":6},{\"tweenEasing\":0,\"transform\":{\"skX\":2.5924,\"skY\":2.5924},\"duration\":9},{\"tweenEasing\":0,\"transform\":{\"skX\":0.2485,\"skY\":0.2485},\"duration\":9},{\"tweenEasing\":0,\"transform\":{\"skX\":3.716,\"skY\":3.716},\"duration\":6},{\"tweenEasing\":0,\"transform\":{\"scX\":0.9474,\"scY\":1.0345},\"duration\":6},{\"tweenEasing\":0,\"transform\":{\"skX\":2.5924,\"skY\":2.5924},\"duration\":9},{\"tweenEasing\":0,\"transform\":{\"skX\":0.2485,\"skY\":0.2485},\"duration\":9},{\"tweenEasing\":0,\"transform\":{\"skX\":3.716,\"skY\":3.716},\"duration\":6},{\"transform\":{\"scX\":0.9474,\"scY\":1.0345},\"duration\":0}]},{\"name\":\"body1\",\"frame\":[{\"tweenEasing\":0,\"transform\":{},\"duration\":6},{\"tweenEasing\":0,\"transform\":{\"skX\":3.6036,\"skY\":3.6036},\"duration\":9},{\"tweenEasing\":0,\"transform\":{\"skX\":2.9691,\"skY\":2.9691},\"duration\":9},{\"tweenEasing\":0,\"transform\":{\"skX\":3.6036,\"skY\":3.6036},\"duration\":6},{\"tweenEasing\":0,\"transform\":{},\"duration\":6},{\"tweenEasing\":0,\"transform\":{\"skX\":3.6036,\"skY\":3.6036},\"duration\":9},{\"tweenEasing\":0,\"transform\":{\"skX\":2.9691,\"skY\":2.9691},\"duration\":9},{\"tweenEasing\":0,\"transform\":{\"skX\":3.6036,\"skY\":3.6036},\"duration\":6},{\"transform\":{},\"duration\":0}]},{\"name\":\"body2\",\"frame\":[{\"tweenEasing\":0,\"transform\":{},\"duration\":6},{\"tweenEasing\":0,\"transform\":{\"skX\":5.2107,\"skY\":5.2107},\"duration\":9},{\"tweenEasing\":0,\"transform\":{\"skX\":0.0322,\"skY\":0.0322},\"duration\":9},{\"tweenEasing\":0,\"transform\":{\"skX\":1.3027,\"skY\":1.3027},\"duration\":6},{\"tweenEasing\":0,\"transform\":{},\"duration\":6},{\"tweenEasing\":0,\"transform\":{\"skX\":5.2107,\"skY\":5.2107},\"duration\":9},{\"tweenEasing\":0,\"transform\":{\"skX\":0.0322,\"skY\":0.0322},\"duration\":9},{\"tweenEasing\":0,\"transform\":{\"skX\":1.3027,\"skY\":1.3027},\"duration\":6},{\"transform\":{},\"duration\":0}]},{\"name\":\"body3\",\"frame\":[{\"tweenEasing\":0,\"transform\":{},\"duration\":6},{\"tweenEasing\":0,\"transform\":{\"skX\":4.333,\"skY\":4.333},\"duration\":9},{\"tweenEasing\":0,\"transform\":{},\"duration\":9},{\"tweenEasing\":0,\"transform\":{\"skX\":7.1186,\"skY\":7.1186},\"duration\":6},{\"tweenEasing\":0,\"transform\":{},\"duration\":6},{\"tweenEasing\":0,\"transform\":{\"skX\":4.333,\"skY\":4.333},\"duration\":9},{\"tweenEasing\":0,\"transform\":{},\"duration\":9},{\"tweenEasing\":0,\"transform\":{\"skX\":7.1186,\"skY\":7.1186},\"duration\":6},{\"transform\":{},\"duration\":0}]},{\"name\":\"body4\",\"frame\":[{\"tweenEasing\":0,\"transform\":{},\"duration\":6},{\"tweenEasing\":0,\"transform\":{\"skX\":5.0598,\"skY\":5.0598},\"duration\":9},{\"tweenEasing\":0,\"transform\":{},\"duration\":9},{\"tweenEasing\":0,\"transform\":{\"skX\":6.5532,\"skY\":6.5532},\"duration\":6},{\"tweenEasing\":0,\"transform\":{},\"duration\":6},{\"tweenEasing\":0,\"transform\":{\"skX\":5.0598,\"skY\":5.0598},\"duration\":9},{\"tweenEasing\":0,\"transform\":{},\"duration\":9},{\"tweenEasing\":0,\"transform\":{\"skX\":6.5532,\"skY\":6.5532},\"duration\":6},{\"transform\":{},\"duration\":0}]},{\"name\":\"body5\",\"frame\":[{\"tweenEasing\":0,\"transform\":{},\"duration\":6},{\"tweenEasing\":0,\"transform\":{\"skX\":9.2159,\"skY\":9.2159},\"duration\":9},{\"tweenEasing\":0,\"transform\":{\"skX\":4.8665,\"skY\":4.8665},\"duration\":9},{\"tweenEasing\":0,\"transform\":{\"skX\":9.3656,\"skY\":9.3656},\"duration\":6},{\"tweenEasing\":0,\"transform\":{},\"duration\":6},{\"tweenEasing\":0,\"transform\":{\"skX\":9.2159,\"skY\":9.2159},\"duration\":9},{\"tweenEasing\":0,\"transform\":{\"skX\":4.8665,\"skY\":4.8665},\"duration\":9},{\"tweenEasing\":0,\"transform\":{\"skX\":9.3656,\"skY\":9.3656},\"duration\":6},{\"transform\":{},\"duration\":0}]},{\"name\":\"body6\",\"frame\":[{\"tweenEasing\":0,\"transform\":{},\"duration\":6},{\"tweenEasing\":0,\"transform\":{\"skX\":7.3485,\"skY\":7.3485},\"duration\":9},{\"tweenEasing\":0,\"transform\":{\"skX\":2.0465,\"skY\":2.0465},\"duration\":9},{\"tweenEasing\":0,\"transform\":{\"skX\":7.123,\"skY\":7.123},\"duration\":6},{\"tweenEasing\":0,\"transform\":{},\"duration\":6},{\"tweenEasing\":0,\"transform\":{\"skX\":7.3485,\"skY\":7.3485},\"duration\":9},{\"tweenEasing\":0,\"transform\":{\"skX\":2.0465,\"skY\":2.0465},\"duration\":9},{\"tweenEasing\":0,\"transform\":{\"skX\":7.123,\"skY\":7.123},\"duration\":6},{\"transform\":{},\"duration\":0}]},{\"name\":\"eye-2\",\"frame\":[{\"transform\":{},\"duration\":9},{\"tweenEasing\":0,\"transform\":{},\"duration\":1},{\"tweenEasing\":0,\"transform\":{\"scX\":0.4253},\"duration\":1},{\"tweenEasing\":0,\"transform\":{},\"duration\":25},{\"tweenEasing\":0,\"transform\":{},\"duration\":1},{\"tweenEasing\":0,\"transform\":{\"scX\":0.4253},\"duration\":1},{\"transform\":{},\"duration\":22}]},{\"name\":\"eye-1\",\"frame\":[{\"transform\":{},\"duration\":9},{\"tweenEasing\":0,\"transform\":{},\"duration\":2},{\"tweenEasing\":0,\"transform\":{\"y\":-32.16955,\"x\":-13.6466},\"duration\":26},{\"tweenEasing\":0,\"transform\":{\"y\":-32.16955,\"x\":-13.6466},\"duration\":1},{\"transform\":{},\"duration\":22}]},{\"name\":\"zui\",\"frame\":[{\"transform\":{},\"duration\":15},{\"tweenEasing\":0,\"transform\":{},\"duration\":3},{\"tweenEasing\":0,\"transform\":{\"y\":1.06425,\"x\":5.46805},\"duration\":3},{\"tweenEasing\":0,\"transform\":{},\"duration\":3},{\"tweenEasing\":0,\"transform\":{\"y\":1.06425,\"x\":5.46805},\"duration\":3},{\"transform\":{},\"duration\":33}]},{\"name\":\"hand-left\",\"frame\":[{\"tweenEasing\":0,\"transform\":{\"skX\":-39.4877,\"skY\":-39.4877},\"duration\":6},{\"tweenEasing\":0,\"transform\":{\"skX\":-3.0076,\"skY\":-3.0076},\"duration\":9},{\"tweenEasing\":0,\"transform\":{\"skX\":-13.0458,\"skY\":-13.0458},\"duration\":9},{\"tweenEasing\":0,\"transform\":{\"skX\":-3.0076,\"skY\":-3.0076},\"duration\":6},{\"tweenEasing\":0,\"transform\":{\"skX\":-39.4877,\"skY\":-39.4877},\"duration\":6},{\"tweenEasing\":0,\"transform\":{\"skX\":-3.0076,\"skY\":-3.0076},\"duration\":9},{\"tweenEasing\":0,\"transform\":{\"skX\":-13.0458,\"skY\":-13.0458},\"duration\":9},{\"tweenEasing\":0,\"transform\":{\"skX\":-3.0076,\"skY\":-3.0076},\"duration\":6},{\"transform\":{\"skX\":-39.4877,\"skY\":-39.4877},\"duration\":0}]},{\"name\":\"hand-left1\",\"frame\":[{\"tweenEasing\":0,\"transform\":{},\"duration\":6},{\"tweenEasing\":0,\"transform\":{\"skX\":9.178,\"skY\":9.178},\"duration\":9},{\"tweenEasing\":0,\"transform\":{},\"duration\":9},{\"tweenEasing\":0,\"transform\":{\"skX\":9.178,\"skY\":9.178},\"duration\":6},{\"tweenEasing\":0,\"transform\":{},\"duration\":6},{\"tweenEasing\":0,\"transform\":{\"skX\":9.178,\"skY\":9.178},\"duration\":9},{\"tweenEasing\":0,\"transform\":{},\"duration\":9},{\"tweenEasing\":0,\"transform\":{\"skX\":9.178,\"skY\":9.178},\"duration\":6},{\"transform\":{},\"duration\":0}]},{\"name\":\"hand-left2\",\"frame\":[{\"transform\":{},\"duration\":60}]},{\"name\":\"hand-right\",\"frame\":[{\"tweenEasing\":0,\"transform\":{\"skX\":21.7006,\"skY\":21.7006},\"duration\":6},{\"tweenEasing\":0,\"transform\":{\"skX\":-12.9548,\"skY\":-12.9548},\"duration\":9},{\"tweenEasing\":0,\"transform\":{\"skX\":1.4768,\"skY\":1.4768},\"duration\":9},{\"tweenEasing\":0,\"transform\":{\"skX\":-12.9548,\"skY\":-12.9548},\"duration\":6},{\"tweenEasing\":0,\"transform\":{\"skX\":21.7006,\"skY\":21.7006},\"duration\":6},{\"tweenEasing\":0,\"transform\":{\"skX\":-12.9548,\"skY\":-12.9548},\"duration\":9},{\"tweenEasing\":0,\"transform\":{\"skX\":1.4768,\"skY\":1.4768},\"duration\":9},{\"tweenEasing\":0,\"transform\":{\"skX\":-12.9548,\"skY\":-12.9548},\"duration\":6},{\"transform\":{\"skX\":21.7006,\"skY\":21.7006},\"duration\":0}]},{\"name\":\"hand-right1\",\"frame\":[{\"tweenEasing\":0,\"transform\":{},\"duration\":6},{\"tweenEasing\":0,\"transform\":{\"skX\":-10.1167,\"skY\":-10.1167},\"duration\":9},{\"tweenEasing\":0,\"transform\":{},\"duration\":9},{\"tweenEasing\":0,\"transform\":{\"skX\":-10.1167,\"skY\":-10.1167},\"duration\":6},{\"tweenEasing\":0,\"transform\":{},\"duration\":6},{\"tweenEasing\":0,\"transform\":{\"skX\":-10.1167,\"skY\":-10.1167},\"duration\":9},{\"tweenEasing\":0,\"transform\":{},\"duration\":9},{\"tweenEasing\":0,\"transform\":{\"skX\":-10.1167,\"skY\":-10.1167},\"duration\":6},{\"transform\":{},\"duration\":0}]},{\"name\":\"hand-right2\",\"frame\":[{\"transform\":{},\"duration\":60}]},{\"name\":\"body7\",\"frame\":[{\"transform\":{},\"duration\":60}]},{\"name\":\"body8\",\"frame\":[{\"transform\":{},\"duration\":60}]}],\"ik\":[]}],\"slot\":[{\"color\":{},\"name\":\"shadow\",\"parent\":\"root\"},{\"z\":1,\"color\":{},\"name\":\"hand-left\",\"parent\":\"hand-left2\"},{\"z\":2,\"color\":{},\"name\":\"hand-right\",\"parent\":\"hand-right2\"},{\"z\":3,\"color\":{},\"name\":\"body\",\"parent\":\"body8\"},{\"z\":4,\"displayIndex\":-1,\"color\":{},\"name\":\"zui2\",\"parent\":\"zui\"},{\"z\":5,\"color\":{},\"name\":\"eye-2\",\"parent\":\"eye-2\"},{\"z\":6,\"color\":{},\"name\":\"eye-1\",\"parent\":\"eye-1\"},{\"z\":7,\"color\":{},\"name\":\"zui\",\"parent\":\"zui\"}],\"defaultActions\":[{\"gotoAndPlay\":\"idle\"}],\"type\":\"Armature\",\"skin\":[{\"name\":\"\",\"slot\":[{\"display\":[{\"type\":\"image\",\"transform\":{\"y\":0.66935,\"skX\":92.6835,\"skY\":92.6835,\"x\":-4.82935},\"name\":\"eye-2\",\"path\":\"eye-2\"}],\"name\":\"eye-2\"},{\"display\":[{\"type\":\"image\",\"transform\":{\"y\":6.69535,\"skX\":90.4732,\"skY\":90.4732,\"x\":-4.879},\"name\":\"zui\",\"path\":\"zui\"}],\"name\":\"zui\"},{\"display\":[{\"weights\":[3,4,0.4377014111483641,10,0.44539433557129626,18,0.11690425328033976,3,4,0.4628274968259945,10,0.45853221783984094,18,0.07864028533416459,3,4,0.6500325741845782,10,0.2901683150638335,18,0.05979911075158832,3,4,0.8715471029969948,10,0.09517377196665647,18,0.03327912503634878,3,4,0.8296751366512745,10,0.11916993358807092,18,0.05115492976065457,3,4,0.8189548440288341,10,0.12319166118054047,18,0.05785349479062535,3,4,0.7757387555853683,10,0.14631366663683953,18,0.07794757777779224,3,4,0.8012083598385904,10,0.13592265490804178,18,0.06286898525336769,3,4,0.7742259065406927,10,0.16508950559326044,18,0.0606845878660468,3,4,0.5300136200010153,10,0.33896164827716163,18,0.1310247317218232,3,4,0.26329564111510484,10,0.41921829539800987,18,0.3174860634868853,3,4,0.16938449824010246,18,0.4851883811696633,10,0.3454271205902342,3,4,0.08508108451662647,18,0.7075634565046897,10,0.20735545897868382,3,4,0.059476027255846234,18,0.7838674290395803,10,0.15665654370457344,3,4,0.04923611903077226,18,0.7823332089324141,10,0.16843067203681367,3,4,0.08313989101936098,18,0.5991867859452991,10,0.31767332303533985,3,4,0.0744217823684448,18,0.479479341756417,10,0.4460988758751382,3,4,0.189077503314799,10,0.4472999429507934,18,0.3636225537344076,3,4,0.37713473925372226,10,0.422906570917328,18,0.19995868982894976,3,4,0.010619185607158835,10,0.6601275565151059,18,0.32925325787773524,3,4,0.11170637688955369,10,0.6104473996246434,18,0.277846223485803,3,4,0.3907390335644228,10,0.3985518665946577,18,0.21070909984091965],\"type\":\"mesh\",\"uvs\":[0.07049,0.81105,0.24479,0.93237,0.4875,0.97605,0.77778,0.99974,0.92813,0.99974,1.00035,0.93974,1.00035,0.76316,0.85556,0.72316,0.72917,0.705,0.61285,0.61658,0.58889,0.46974,0.66667,0.29737,0.63229,0.08816,0.53056,0.00026,0.16736,0.00026,0,0.09553,0,0.28658,0,0.53947,0,0.705,0.19666,0.44048,0.40499,0.48074,0.60238,0.55245],\"width\":72,\"slotPose\":[0.9999999999999999,3.3306690738754696e-16,-3.3306690738754696e-16,0.9999999999999999,-96.00949504060348,-108.37033987017583],\"userEdges\":[16,19,19,20,20,10,18,21,0,9,2,8],\"height\":95,\"edges\":[0,1,1,2,2,3,3,4,4,5,5,6,6,7,7,8,8,9,10,11,11,12,12,13,13,14,14,15,15,16,16,17,17,18,18,0,9,21,21,10],\"transform\":{\"y\":21.20605,\"skX\":73.9392,\"skY\":73.9392,\"x\":-4.38395},\"path\":\"hand-left\",\"triangles\":[3,4,5,7,3,5,7,5,6,8,3,7,8,2,3,9,2,8,1,2,9,13,14,12,14,19,12,12,19,11,19,20,11,20,10,11,0,1,9,14,16,19,10,20,21,19,18,20,15,16,14,17,18,19,16,17,19,21,18,9,18,0,9,20,18,21],\"vertices\":[-30.925,29.55,-18.375,41.075,-0.9,45.225,20,47.475,30.825,47.475,36.025,41.775,36.025,25,25.6,21.2,16.5,19.475,8.125,11.075,6.4,-2.875,12,-19.25,9.525,-39.125,2.2,-47.475,-23.95,-47.475,-36,-38.425,-36,-20.275,-36,3.75,-36,19.475,-21.84,-5.655,-6.84,-1.83,7.37,4.985],\"bonePose\":[4,-0.9110657108109993,-0.41226116793174733,0.41226116793174733,-0.9110657108109993,-78.6,-74.25,10,-0.23812426240178064,-0.9712346964846383,0.9712346964846383,-0.23812426240178064,-107.55000000000001,-87.35,18,0.2766573008294256,-0.9609686456371906,0.9609686456371906,0.2766573008294256,-115.175,-118.45],\"name\":\"hand-left\"}],\"name\":\"hand-left\"},{\"display\":[{\"weights\":[2,6,0.8749578524383196,1,0.12504214756168036,3,6,0.9660650371690535,1,0.02217773345204637,7,0.011757229378900063,3,6,0.5274957804250162,1,0.2568376175333458,7,0.21566660204163796,4,6,0.2831091385076522,1,0.5067667949531972,7,0.17280700038335858,2,0.037317066155791945,4,6,0.13151711959128054,7,0.420477540442413,1,0.41062763537203617,2,0.037377704594270124,3,6,0.16311027917515117,7,0.6265514723860485,1,0.21033824843880028,3,6,0.013995467011534276,7,0.9643592716601543,1,0.021645261328311443,2,7,0.8829242497441158,1,0.11707575025588422,2,7,0.8437459253238648,1,0.1562540746761351,4,7,0.3867708597742347,14,0.21508213163444825,1,0.2141079299716592,2,0.18403907861965785,4,14,0.5359706752717706,2,0.15547749517979867,1,0.15539601963175098,8,0.15315580991667982,4,14,0.821595465943476,8,0.09490300484096977,2,0.04433607209580982,1,0.03916545711974443,4,14,0.9063334821579732,8,0.0630895061141383,12,0.015425693927890975,2,0.015151317799997607,4,14,0.740866183238147,8,0.19579825711998441,12,0.033863484045037695,2,0.029472075596830717,4,14,0.8340646163169493,8,0.13195247127366927,12,0.017164806558498377,2,0.016818105850883024,4,8,0.7253902237918096,14,0.16669849613600707,12,0.06386931183527768,2,0.044041968236905794,4,8,0.7558758540028463,12,0.14943898821385682,2,0.049518482644316304,15,0.04516667513898063,4,8,0.8544869411844278,12,0.08740359994657303,2,0.03496686731177439,14,0.023142591557224812,4,12,0.47250417494391594,8,0.3513089866875742,15,0.09045928303483704,2,0.08572755533367268,4,12,0.8341868093359502,15,0.08728517790663105,9,0.039319714903110745,8,0.03920829785430783,4,12,0.6224690056252979,15,0.24854053428604367,9,0.08200166081351933,2,0.04698879927513912,4,12,0.6503402785053919,15,0.2592598985931267,9,0.05963855138128667,2,0.030761271520194696,4,15,0.7439875436265027,12,0.14431358511257836,9,0.08079499149552115,2,0.030903879765397765,4,15,0.7252643508752978,9,0.18800472652413053,12,0.055743184937600436,2,0.030987737662971204,4,15,0.7947597693295138,9,0.15414680970914865,12,0.03167579251276663,2,0.019417628448570937,4,9,0.7109662116985591,15,0.22424506707553366,12,0.0354334857627212,2,0.029355235463186014,4,9,0.8906702802757548,15,0.06270535559732947,2,0.024914806017850486,12,0.02170955810906509,4,9,0.9399183488650755,15,0.0344841399887147,2,0.01447021660775454,12,0.011127294538455222,4,9,0.7529787575940573,15,0.11932182231651817,2,0.07630259203903889,12,0.05139682805038551,4,9,0.5104335607425812,2,0.1765362060123921,15,0.17410555633743444,1,0.1389246769075923,4,6,0.20505578101497454,2,0.2689245936982261,1,0.26707712893942553,9,0.25894249634737376,3,6,0.469886472386952,1,0.2891991830515289,2,0.24091434456151908,3,6,0.7313608987614372,1,0.18106195536588487,2,0.08757714587267804,4,6,0.020662363188083312,1,0.9488117640844632,7,0.023323102276945583,2,0.007202770450507911,4,6,0.006998735081358108,1,0.9535143271956336,2,0.03283963821274631,7,0.0066472995102619835,4,2,0.6404370215870125,1,0.3545337767363461,14,0.002750351692382994,8,0.0022788499842582403,4,2,0.9565552555363305,1,0.02211893312201009,9,0.0112734765823207,8,0.010052334759338661,4,2,0.9575312169971931,9,0.016655135136249718,12,0.015076773714755218,15,0.01073687415180199,4,12,0.45427687506627346,15,0.2186541784254099,2,0.18854628084699543,9,0.1385226656613212,4,9,0.6183428688502676,2,0.1933315130737605,15,0.13168775963635737,12,0.05663785843961462,4,2,0.3819798666302518,12,0.3391499218369673,8,0.18593696698471687,15,0.09293324454806394,4,8,0.8034790636519518,12,0.1066980594224191,2,0.05512084690684577,14,0.03470203001878338,4,8,0.6404352944210498,14,0.1342066349542821,2,0.1331286915531436,12,0.09222937907152436,4,14,0.860190232113827,8,0.07482491854794655,2,0.03709149727458538,1,0.027893352063641023],\"type\":\"mesh\",\"uvs\":[0.13088,0.97822,0.29294,0.98402,0.46324,0.97967,0.48779,0.90446,0.57809,0.8972,0.58824,0.97396,0.75647,0.98983,0.91235,0.98112,0.92676,0.83932,0.94515,0.6527,0.94926,0.50363,0.96985,0.38361,0.97603,0.26929,0.91853,0.21867,0.87132,0.25477,0.82824,0.15934,0.68882,0.07832,0.67853,0.13766,0.615,0.08268,0.48985,0.02614,0.36471,0.01172,0.38324,0.05934,0.295,0.05363,0.16382,0.08257,0.20471,0.11006,0.13088,0.13755,0.03265,0.21286,0.10853,0.22147,0.06529,0.2779,0.01603,0.37199,0.03059,0.5138,0.06529,0.66141,0.10632,0.80747,0.52484,0.80312,0.51881,0.63818,0.51469,0.50654,0.50852,0.372,0.49513,0.26495,0.46131,0.15644,0.38543,0.20416,0.5741,0.20271,0.67469,0.16505,0.68641,0.26529,0.82828,0.37216],\"width\":170,\"slotPose\":[0.9999999999999999,2.3068423485877892e-17,-2.3068423485877892e-17,0.9999999999999999,-7.321173440787597,-123.72251589638716],\"userEdges\":[32,3,4,8,33,34,34,35,35,36,36,37,38,37,27,39,39,24,24,38,21,38,38,40,40,41,41,17,41,42,42,14,14,43],\"height\":241,\"edges\":[0,1,1,2,2,3,3,4,4,5,5,6,6,7,7,8,8,9,9,10,10,11,11,12,12,13,13,14,14,15,15,16,16,17,17,18,18,19,19,20,20,21,21,22,22,23,23,24,24,25,25,26,26,27,27,28,28,29,29,30,30,31,31,32,32,0],\"transform\":{\"y\":42.79615,\"skX\":-90,\"skY\":-90,\"x\":-94.7975},\"path\":\"body\",\"triangles\":[33,8,9,43,10,11,13,14,12,43,11,12,14,43,12,34,9,10,6,7,8,34,33,9,43,35,10,35,34,10,4,6,8,33,4,8,15,42,14,42,43,14,42,36,43,36,35,43,41,42,15,17,41,15,16,17,15,4,5,6,37,36,42,41,40,42,40,37,42,40,41,17,18,40,17,38,40,18,19,38,18,33,3,4,38,37,40,21,38,19,38,39,37,36,30,35,30,31,35,35,31,34,31,32,34,34,32,33,32,3,33,37,39,36,29,30,36,32,1,3,39,28,36,28,29,36,1,2,3,20,21,19,27,28,39,24,27,39,32,0,1,25,27,24,23,24,22,26,27,25,39,24,38,21,24,38,22,24,21],\"vertices\":[-60.35,127.545,-32.8,128.945,-3.85,127.895,0.325,109.77,15.675,108.02,17.4,126.52,46,130.345,72.5,128.245,74.95,94.07,78.075,49.095,78.775,13.17,82.275,-15.755,83.325,-43.305,73.55,-55.505,65.525,-46.805,58.2,-69.805,34.5,-89.33,32.75,-75.03,21.95,-88.28,0.675,-101.905,-20.6,-105.38,-17.45,-93.905,-32.45,-95.28,-54.75,-88.305,-47.8,-81.68,-60.35,-75.055,-77.05,-56.905,-64.15,-54.83,-71.5,-41.23,-79.875,-18.555,-77.4,15.62,-71.5,51.195,-64.525,86.395,6.62,85.35,5.595,45.6,4.895,13.875,4.195,-18.9,1.57,-44.35,-4.18,-70.5,-17.08,-59,14.995,-59.35,32.095,-68.425,34.17,-44.35,58.245,-18.55],\"bonePose\":[6,-0.01901125664134204,0.9998192697287429,-0.9998192697287429,-0.01901125664134204,-39.85,-31.65,7,-1.8388068845354155e-16,1,-1,-1.8388068845354155e-16,35.474999999999994,-28.925000000000004,1,-0.008257976670887804,-0.9999659023293259,0.9999659023293259,-0.008257976670887804,-6.55,-38.75,2,-0.04681801433122395,-0.9989034355402333,0.9989034355402333,-0.04681801433122395,-7.1,-105.34999999999998,9,-0.9999999999999999,-3.400058012914542e-16,3.400058012914542e-16,-0.9999999999999999,-32.75,-186.14999999999998,15,-0.9162808483445476,-0.4005363990413304,0.4005363990413304,-0.9162808483445476,-27.85,-201.97499999999997,12,-0.6037086604052454,-0.7972050259197465,0.7972050259197465,-0.6037086604052454,-1.6250000000000036,-201.97499999999997,8,-0.13719105706500642,-0.9905446046803676,0.9905446046803676,-0.13719105706500642,36.574999999999996,-181.775,14,0.4164157200734394,-0.9091743221603428,0.9091743221603428,0.4164157200734394,59.50000000000001,-151.22500000000002],\"name\":\"body\"}],\"name\":\"body\"},{\"display\":[{\"type\":\"image\",\"transform\":{\"y\":-0.7823,\"skX\":92.6835,\"skY\":92.6835,\"x\":-1.04055},\"name\":\"eye-1\",\"path\":\"eye-1\"}],\"name\":\"eye-1\"},{\"display\":[{\"type\":\"image\",\"transform\":{\"scX\":1.7561,\"y\":-0.42045,\"scY\":1.3652,\"x\":-0.8425},\"name\":\"shadow\",\"path\":\"shadow\"}],\"name\":\"shadow\"},{\"display\":[{\"type\":\"image\",\"transform\":{\"y\":6.6255,\"skX\":90.4732,\"skY\":90.4732,\"x\":-10.47815},\"name\":\"zui2\",\"path\":\"zui2\"}],\"name\":\"zui2\"},{\"display\":[{\"weights\":[3,5,0.8543888559964943,13,0.10936175792808185,16,0.03624938607542389,3,5,0.7576917843935579,13,0.1822053527264883,16,0.06010286287995389,3,5,0.4904093629311409,13,0.38944060219764,16,0.12015003487121917,3,5,0.3798304849246672,13,0.39133135360067167,16,0.22883816147466116,3,5,0.18692134593736337,16,0.4075421675653978,13,0.40553648649723895,3,5,0.13227638211163714,16,0.5108548469812153,13,0.35686877090714764,3,5,0.055940031743472084,16,0.809765788488531,13,0.13429417976799693,3,5,0.04573888953442015,16,0.8499428738421291,13,0.10431823662345073,3,5,0.11183420117130274,16,0.6560941511890965,13,0.2320716476396007,3,5,0.166877814618062,16,0.5036540083567833,13,0.32946817702515463,3,5,0.19460747243796045,16,0.4052083165963186,13,0.40018421096572077,3,5,0.2850706018323239,13,0.4280337412345027,16,0.28689565693317337,3,5,0.43102294452016005,13,0.3949659369748177,16,0.17401111850502227,3,5,0.5666448556763457,13,0.30786338658837864,16,0.12549175773527568,3,5,0.926419183782323,13,0.05687301445972391,16,0.016707801757953],\"type\":\"mesh\",\"uvs\":[0,0.93636,0.07837,1,0.3399,1,0.62115,0.87314,0.93654,0.63636,1.00048,0.45826,1.00048,0.12975,0.84279,0,0.4875,0,0.35337,0.1124,0.32644,0.33719,0.27933,0.45826,0.15192,0.52686,0,0.58512,0,0.76942],\"width\":52,\"slotPose\":[0.9999999999999998,5.551115123125783e-17,-5.551115123125783e-17,0.9999999999999998,86.80389816833728,-91.63823086612886],\"userEdges\":[],\"height\":60,\"edges\":[0,1,1,2,2,3,3,4,4,5,5,6,6,7,7,8,8,9,9,10,10,11,11,12,12,13,13,14,14,0],\"transform\":{\"y\":-2.58355,\"skX\":61.5209,\"skY\":61.5209,\"x\":-2.09755},\"path\":\"hand-right\",\"triangles\":[8,10,7,10,4,5,10,5,6,7,10,6,9,10,8,11,3,4,10,11,4,12,2,3,11,12,3,12,14,2,14,0,1,14,1,2,13,14,12],\"vertices\":[-26,26.4,-21.925,30.25,-8.325,30.25,6.3,22.575,22.7,8.25,26.025,-2.525,26.025,-22.4,17.825,-30.25,-0.65,-30.25,-7.625,-23.45,-9.025,-9.85,-11.475,-2.525,-18.1,1.625,-26,5.15,-26,16.3],\"bonePose\":[5,0.8941115853105441,-0.4478442508433769,0.4478442508433769,0.8941115853105441,64.42499999999998,-72.6,13,0.6747920781596268,-0.7380078937606371,0.7380078937606371,0.6747920781596268,78.60000000000001,-79.7,16,0.4768382788824085,-0.8789910442049238,0.8789910442049238,0.4768382788824085,90.07500000000002,-92.25],\"name\":\"hand-right\"}],\"name\":\"hand-right\"}]}],\"name\":\"autumn\",\"bone\":[{\"transform\":{},\"name\":\"root\"},{\"length\":66.5,\"parent\":\"root\",\"transform\":{\"y\":-38.75,\"skX\":-90.4732,\"skY\":-90.4732,\"x\":-6.55},\"name\":\"body\"},{\"length\":69.5,\"parent\":\"body\",\"transform\":{\"skX\":-2.2103,\"skY\":-2.2103,\"x\":66.60225},\"name\":\"body1\"},{\"transform\":{\"y\":-18.9955,\"x\":79.33455},\"name\":\"zui\",\"parent\":\"body\"},{\"length\":31.5,\"parent\":\"body\",\"transform\":{\"y\":-71.7544,\"skX\":-65.1799,\"skY\":-65.1799,\"x\":36.0938},\"name\":\"hand-left\"},{\"length\":15.5,\"parent\":\"body\",\"transform\":{\"y\":71.2521,\"skX\":63.8677,\"skY\":63.8677,\"x\":33.26275},\"name\":\"hand-right\"},{\"length\":28.5,\"parent\":\"body\",\"transform\":{\"y\":-33.3575,\"skX\":-178.4375,\"skY\":-178.4375,\"x\":-6.82475},\"name\":\"body7\"},{\"length\":26.5,\"parent\":\"body\",\"transform\":{\"y\":41.94245,\"skX\":-179.5268,\"skY\":-179.5268,\"x\":-10.1717},\"name\":\"body8\"},{\"length\":19.5,\"parent\":\"body1\",\"transform\":{\"y\":47.20515,\"skX\":-5.2019,\"skY\":-5.2019,\"x\":74.2964},\"name\":\"body5\"},{\"length\":40.5,\"parent\":\"body1\",\"transform\":{\"y\":-21.839,\"skX\":-87.3165,\"skY\":-87.3165,\"x\":81.9123},\"name\":\"body2\"},{\"length\":32,\"parent\":\"hand-left\",\"transform\":{\"skX\":51.8772,\"skY\":51.8772,\"x\":31.77595},\"name\":\"hand-left1\"},{\"transform\":{\"y\":-11.3597,\"x\":49.18575},\"name\":\"eye-2\",\"parent\":\"body1\"},{\"length\":22.5,\"parent\":\"body1\",\"transform\":{\"y\":9.9928,\"skX\":-34.4525,\"skY\":-34.4525,\"x\":96.2627},\"name\":\"body4\"},{\"length\":17,\"parent\":\"hand-right\",\"transform\":{\"skX\":-20.9565,\"skY\":-20.9565,\"x\":15.85375},\"name\":\"hand-right1\"},{\"length\":14,\"parent\":\"body1\",\"transform\":{\"y\":68.67475,\"skX\":27.292,\"skY\":27.292,\"x\":42.7066},\"name\":\"body6\"},{\"length\":23,\"parent\":\"body1\",\"transform\":{\"y\":-16.20345,\"skX\":-63.7048,\"skY\":-63.7048,\"x\":97.4905},\"name\":\"body3\"},{\"length\":21.5,\"parent\":\"hand-right1\",\"transform\":{\"skX\":-13.9589,\"skY\":-13.9589,\"x\":17.00525},\"name\":\"hand-right2\"},{\"transform\":{\"y\":17.09795,\"x\":15.041},\"name\":\"eye-1\",\"parent\":\"eye-2\"},{\"length\":25.5,\"parent\":\"hand-left1\",\"transform\":{\"skX\":29.8367,\"skY\":29.8367,\"x\":32.0211},\"name\":\"hand-left2\"}],\"ik\":[]}],\"name\":\"autumn\"}"
}