{
  "__type__": "dragonBones.DragonBonesAtlasAsset",
  "_name": "role1_tex",
  "_atlasJson": "{\"SubTexture\":[{\"x\":129,\"y\":216,\"width\":89,\"name\":\"shadow\",\"height\":22},{\"x\":220,\"y\":216,\"width\":24,\"name\":\"hand-right\",\"height\":75},{\"x\":206,\"y\":150,\"width\":35,\"name\":\"leg-right\",\"height\":64},{\"x\":206,\"y\":83,\"width\":37,\"name\":\"leg-left\",\"height\":65},{\"x\":155,\"y\":240,\"width\":47,\"name\":\"body3\",\"height\":20},{\"x\":206,\"y\":1,\"width\":48,\"name\":\"body\",\"height\":80},{\"frameX\":-3,\"y\":170,\"frameY\":-1,\"height\":141,\"frameWidth\":131,\"frameHeight\":145,\"width\":126,\"name\":\"head\",\"x\":1},{\"x\":129,\"y\":170,\"width\":38,\"name\":\"zui\",\"height\":26},{\"frameX\":0,\"y\":199,\"frameY\":0,\"height\":11,\"frameWidth\":13,\"frameHeight\":11,\"width\":13,\"name\":\"nose\",\"x\":176},{\"frameX\":0,\"y\":262,\"frameY\":0,\"height\":27,\"frameWidth\":28,\"frameHeight\":28,\"width\":27,\"name\":\"eye-left\",\"x\":155},{\"frameX\":-1,\"y\":199,\"frameY\":-1,\"height\":8,\"frameWidth\":19,\"frameHeight\":8,\"width\":18,\"name\":\"brow-right\",\"x\":156},{\"frameX\":-1,\"y\":198,\"frameY\":0,\"height\":8,\"frameWidth\":26,\"frameHeight\":9,\"width\":25,\"name\":\"brow-left\",\"x\":129},{\"frameX\":0,\"y\":170,\"frameY\":0,\"height\":27,\"frameWidth\":28,\"frameHeight\":28,\"width\":27,\"name\":\"eye-right\",\"x\":169},{\"x\":129,\"y\":240,\"width\":24,\"name\":\"hand-left\",\"height\":75},{\"x\":1,\"y\":1,\"width\":203,\"name\":\"daji\",\"height\":167}],\"width\":256,\"name\":\"role1\",\"imagePath\":\"role1_tex.png\",\"height\":512}",
  "texture": {
    "__uuid__": "60enAD/pdB+ZagNaaO2Fms"
  }
}