{
  "__type__": "dragonBones.DragonBonesAsset",
  "_name": "role4_ske",
  "_dragonBonesJson": "{\"frameRate\":24,\"version\":\"4.5\",\"armature\":[{\"frameRate\":24,\"defaultActions\":[{\"gotoAndPlay\":\"idle\"}],\"slot\":[{\"color\":{},\"name\":\"shadow\",\"parent\":\"shadow\"},{\"z\":1,\"color\":{},\"name\":\"hand-right\",\"parent\":\"role\"},{\"z\":2,\"color\":{},\"name\":\"leg-right\",\"parent\":\"role\"},{\"z\":3,\"color\":{},\"name\":\"leg-left\",\"parent\":\"role\"},{\"z\":4,\"color\":{},\"name\":\"body\",\"parent\":\"role\"},{\"z\":5,\"color\":{},\"name\":\"head\",\"parent\":\"head\"},{\"z\":6,\"color\":{},\"name\":\"eye\",\"parent\":\"eye\"},{\"z\":7,\"color\":{},\"name\":\"hand-left\",\"parent\":\"role\"},{\"z\":8,\"color\":{},\"name\":\"zui\",\"parent\":\"zui\"},{\"z\":9,\"color\":{},\"name\":\"mei\",\"parent\":\"mei\"},{\"z\":10,\"color\":{},\"name\":\"daji\",\"parent\":\"daji\",\"displayIndex\":-1}],\"animation\":[{\"duration\":60,\"ffd\":[],\"playTimes\":0,\"frame\":[],\"slot\":[],\"bone\":[{\"name\":\"root\",\"frame\":[{\"duration\":60,\"transform\":{}}]},{\"name\":\"body\",\"frame\":[{\"duration\":60,\"transform\":{}}]},{\"name\":\"body1\",\"frame\":[{\"duration\":60,\"transform\":{}}]},{\"name\":\"head\",\"frame\":[{\"duration\":15,\"transform\":{\"skX\":2.5768,\"skY\":2.5768},\"tweenEasing\":0},{\"duration\":15,\"transform\":{\"skX\":-1.9951,\"y\":-0.10465,\"skY\":-1.9951,\"x\":-1.08535},\"tweenEasing\":0},{\"duration\":15,\"transform\":{\"skX\":2.5768,\"skY\":2.5768},\"tweenEasing\":0},{\"duration\":15,\"transform\":{\"skX\":-1.9951,\"y\":-0.10465,\"skY\":-1.9951,\"x\":-1.08535},\"tweenEasing\":0},{\"duration\":0,\"transform\":{\"skX\":2.5768,\"skY\":2.5768}}]},{\"name\":\"eye\",\"frame\":[{\"duration\":34,\"transform\":{}},{\"duration\":2,\"transform\":{},\"tweenEasing\":0},{\"duration\":2,\"transform\":{\"scX\":0.01},\"tweenEasing\":0},{\"duration\":22,\"transform\":{}}]},{\"name\":\"zui\",\"frame\":[{\"duration\":15,\"transform\":{},\"tweenEasing\":0},{\"duration\":15,\"transform\":{\"scX\":1.2317,\"scY\":1.2317},\"tweenEasing\":0},{\"duration\":15,\"transform\":{},\"tweenEasing\":0},{\"duration\":15,\"transform\":{\"scX\":1.2317,\"scY\":1.2317},\"tweenEasing\":0},{\"duration\":0,\"transform\":{}}]},{\"name\":\"mei\",\"frame\":[{\"duration\":60,\"transform\":{}}]},{\"name\":\"hand-left\",\"frame\":[{\"duration\":60,\"transform\":{}}]},{\"name\":\"hand-left1\",\"frame\":[{\"duration\":60,\"transform\":{}}]},{\"name\":\"hand-right\",\"frame\":[{\"duration\":60,\"transform\":{}}]},{\"name\":\"hand-right1\",\"frame\":[{\"duration\":60,\"transform\":{}}]},{\"name\":\"leg-left\",\"frame\":[{\"duration\":60,\"transform\":{}}]},{\"name\":\"leg-left1\",\"frame\":[{\"duration\":60,\"transform\":{}}]},{\"name\":\"leg-right\",\"frame\":[{\"duration\":60,\"transform\":{}}]},{\"name\":\"leg-right1\",\"frame\":[{\"duration\":60,\"transform\":{}}]},{\"name\":\"leg-R_ikTarget\",\"frame\":[{\"duration\":60,\"transform\":{}}]},{\"name\":\"leg-L_ikTarget1\",\"frame\":[{\"duration\":60,\"transform\":{}}]},{\"name\":\"hand-L_ikTarget2\",\"frame\":[{\"duration\":15,\"transform\":{},\"tweenEasing\":0},{\"duration\":15,\"transform\":{\"y\":-1.33355,\"x\":-3.11165},\"tweenEasing\":0},{\"duration\":15,\"transform\":{},\"tweenEasing\":0},{\"duration\":15,\"transform\":{\"y\":-1.33355,\"x\":-3.11165},\"tweenEasing\":0},{\"duration\":0,\"transform\":{}}]},{\"name\":\"hand-R_ikTarget3\",\"frame\":[{\"duration\":15,\"transform\":{},\"tweenEasing\":0},{\"duration\":15,\"transform\":{\"y\":-3.5562,\"x\":6.66785},\"tweenEasing\":0},{\"duration\":15,\"transform\":{},\"tweenEasing\":0},{\"duration\":15,\"transform\":{\"y\":-3.5562,\"x\":6.66785},\"tweenEasing\":0},{\"duration\":0,\"transform\":{}}]},{\"name\":\"role\",\"frame\":[{\"duration\":60,\"transform\":{}}]},{\"name\":\"shadow\",\"frame\":[{\"duration\":60,\"transform\":{}}]},{\"name\":\"daji\",\"frame\":[{\"duration\":60,\"transform\":{}}]}],\"ik\":[],\"name\":\"idle\"},{\"duration\":40,\"ffd\":[],\"playTimes\":0,\"frame\":[],\"slot\":[],\"bone\":[{\"name\":\"root\",\"frame\":[{\"duration\":40,\"transform\":{}}]},{\"name\":\"body\",\"frame\":[{\"duration\":40,\"transform\":{}}]},{\"name\":\"leg-L_ikTarget1\",\"frame\":[{\"duration\":5,\"transform\":{\"y\":-10.988,\"x\":-20.43675},\"tweenEasing\":0},{\"duration\":5,\"transform\":{\"y\":-8.6365,\"x\":-0.0901},\"tweenEasing\":0},{\"duration\":5,\"transform\":{\"y\":-1.66925,\"x\":20.2565},\"tweenEasing\":0},{\"duration\":5,\"transform\":{\"y\":-2.33665,\"x\":-0.0901},\"tweenEasing\":0},{\"duration\":5,\"transform\":{\"y\":-10.988,\"x\":-20.43675},\"tweenEasing\":0},{\"duration\":5,\"transform\":{\"y\":-8.6365,\"x\":-0.0901},\"tweenEasing\":0},{\"duration\":5,\"transform\":{\"y\":-1.66925,\"x\":20.2565},\"tweenEasing\":0},{\"duration\":5,\"transform\":{\"y\":-2.33665,\"x\":-0.0901},\"tweenEasing\":0},{\"duration\":0,\"transform\":{\"y\":-10.988,\"x\":-20.43675}}]},{\"name\":\"leg-R_ikTarget\",\"frame\":[{\"duration\":5,\"transform\":{\"y\":-1.7465,\"x\":18.2134},\"tweenEasing\":0},{\"duration\":5,\"transform\":{\"y\":-2.42015,\"x\":2.6634},\"tweenEasing\":0},{\"duration\":5,\"transform\":{\"y\":-7.58475,\"x\":-12.8866},\"tweenEasing\":0},{\"duration\":5,\"transform\":{\"y\":-6.9111,\"x\":2.6634},\"tweenEasing\":0},{\"duration\":5,\"transform\":{\"y\":-1.7465,\"x\":18.2134},\"tweenEasing\":0},{\"duration\":5,\"transform\":{\"y\":-2.42015,\"x\":2.6634},\"tweenEasing\":0},{\"duration\":5,\"transform\":{\"y\":-7.58475,\"x\":-12.8866},\"tweenEasing\":0},{\"duration\":5,\"transform\":{\"y\":-6.9111,\"x\":2.6634},\"tweenEasing\":0},{\"duration\":0,\"transform\":{\"y\":-1.7465,\"x\":18.2134}}]},{\"name\":\"hand-L_ikTarget2\",\"frame\":[{\"duration\":10,\"transform\":{\"y\":-2.80815,\"x\":7.0811},\"tweenEasing\":0},{\"duration\":10,\"transform\":{\"y\":-3.3161,\"x\":31.141},\"tweenEasing\":0},{\"duration\":10,\"transform\":{\"y\":-2.80815,\"x\":7.0811},\"tweenEasing\":0},{\"duration\":10,\"transform\":{\"y\":-3.3161,\"x\":31.141},\"tweenEasing\":0},{\"duration\":0,\"transform\":{\"y\":-2.80815,\"x\":7.0811}}]},{\"name\":\"hand-R_ikTarget3\",\"frame\":[{\"duration\":10,\"transform\":{\"y\":-13.54325,\"x\":6.4489},\"tweenEasing\":0},{\"duration\":10,\"transform\":{\"y\":0.03775,\"x\":-15.64185},\"tweenEasing\":0},{\"duration\":10,\"transform\":{\"y\":-13.54325,\"x\":6.4489},\"tweenEasing\":0},{\"duration\":10,\"transform\":{\"y\":0.03775,\"x\":-15.64185},\"tweenEasing\":0},{\"duration\":0,\"transform\":{\"y\":-13.54325,\"x\":6.4489}}]},{\"name\":\"leg-left\",\"frame\":[{\"duration\":40,\"transform\":{}}]},{\"name\":\"leg-right\",\"frame\":[{\"duration\":40,\"transform\":{}}]},{\"name\":\"body1\",\"frame\":[{\"duration\":40,\"transform\":{}}]},{\"name\":\"hand-left\",\"frame\":[{\"duration\":40,\"transform\":{}}]},{\"name\":\"head\",\"frame\":[{\"duration\":10,\"transform\":{},\"tweenEasing\":0},{\"duration\":10,\"transform\":{\"skX\":-4.1113,\"skY\":-4.1113},\"tweenEasing\":0},{\"duration\":10,\"transform\":{},\"tweenEasing\":0},{\"duration\":10,\"transform\":{\"skX\":-4.1113,\"skY\":-4.1113},\"tweenEasing\":0},{\"duration\":0,\"transform\":{}}]},{\"name\":\"leg-left1\",\"frame\":[{\"duration\":40,\"transform\":{}}]},{\"name\":\"hand-right\",\"frame\":[{\"duration\":40,\"transform\":{}}]},{\"name\":\"leg-right1\",\"frame\":[{\"duration\":40,\"transform\":{}}]},{\"name\":\"zui\",\"frame\":[{\"duration\":10,\"transform\":{},\"tweenEasing\":0},{\"duration\":10,\"transform\":{\"scX\":0.6574},\"tweenEasing\":0},{\"duration\":4,\"transform\":{},\"tweenEasing\":0},{\"duration\":2,\"transform\":{\"scX\":0.8629},\"tweenEasing\":0},{\"duration\":2,\"transform\":{\"scX\":0.7944},\"tweenEasing\":0},{\"duration\":2,\"transform\":{\"scX\":0.7259}},{\"duration\":10,\"transform\":{\"scX\":0.6574},\"tweenEasing\":0},{\"duration\":0,\"transform\":{}}]},{\"name\":\"mei\",\"frame\":[{\"duration\":24,\"transform\":{}},{\"duration\":2,\"transform\":{},\"tweenEasing\":0},{\"duration\":2,\"transform\":{\"y\":1.08915,\"x\":-4.93615},\"tweenEasing\":0},{\"duration\":12,\"transform\":{}}]},{\"name\":\"hand-left1\",\"frame\":[{\"duration\":40,\"transform\":{}}]},{\"name\":\"hand-right1\",\"frame\":[{\"duration\":40,\"transform\":{}}]},{\"name\":\"eye\",\"frame\":[{\"duration\":24,\"transform\":{}},{\"duration\":2,\"transform\":{},\"tweenEasing\":0},{\"duration\":2,\"transform\":{\"scX\":0.0162},\"tweenEasing\":0},{\"duration\":12,\"transform\":{}}]},{\"name\":\"role\",\"frame\":[{\"duration\":5,\"transform\":{\"skX\":9.1031,\"y\":-7.18235,\"skY\":9.1031},\"tweenEasing\":0},{\"duration\":5,\"transform\":{\"skX\":9.1031,\"y\":4.4462,\"skY\":9.1031},\"tweenEasing\":0},{\"duration\":5,\"transform\":{\"skX\":9.1031,\"y\":-7.18235,\"skY\":9.1031},\"tweenEasing\":0},{\"duration\":5,\"transform\":{\"skX\":9.1031,\"y\":4.4462,\"skY\":9.1031},\"tweenEasing\":0},{\"duration\":5,\"transform\":{\"skX\":9.1031,\"y\":-7.18235,\"skY\":9.1031},\"tweenEasing\":0},{\"duration\":5,\"transform\":{\"skX\":9.1031,\"y\":4.4462,\"skY\":9.1031},\"tweenEasing\":0},{\"duration\":5,\"transform\":{\"skX\":9.1031,\"y\":-7.18235,\"skY\":9.1031},\"tweenEasing\":0},{\"duration\":5,\"transform\":{\"skX\":9.1031,\"y\":4.4462,\"skY\":9.1031},\"tweenEasing\":0},{\"duration\":0,\"transform\":{\"skX\":9.1031,\"y\":-7.18235,\"skY\":9.1031}}]},{\"name\":\"shadow\",\"frame\":[{\"duration\":5,\"transform\":{\"scX\":0.8268,\"scY\":0.8268,\"x\":6.2299},\"tweenEasing\":0},{\"duration\":5,\"transform\":{\"x\":6.2299},\"tweenEasing\":0},{\"duration\":5,\"transform\":{\"scX\":0.8268,\"scY\":0.8268,\"x\":6.2299},\"tweenEasing\":0},{\"duration\":5,\"transform\":{\"x\":6.2299},\"tweenEasing\":0},{\"duration\":5,\"transform\":{\"scX\":0.8268,\"scY\":0.8268,\"x\":6.2299},\"tweenEasing\":0},{\"duration\":5,\"transform\":{\"x\":6.2299},\"tweenEasing\":0},{\"duration\":5,\"transform\":{\"scX\":0.8268,\"scY\":0.8268,\"x\":6.2299},\"tweenEasing\":0},{\"duration\":5,\"transform\":{\"x\":6.2299},\"tweenEasing\":0},{\"duration\":0,\"transform\":{\"scX\":0.8268,\"scY\":0.8268,\"x\":6.2299}}]},{\"name\":\"daji\",\"frame\":[{\"duration\":40,\"transform\":{}}]}],\"ik\":[{\"scale\":1,\"name\":\"bone_ik1\",\"offset\":0,\"frame\":[{\"duration\":20,\"weight\":1,\"bendPositive\":true,\"tweenEasing\":0},{\"duration\":20,\"weight\":1,\"bendPositive\":true,\"tweenEasing\":null}]}],\"name\":\"walk\"},{\"duration\":30,\"ffd\":[],\"playTimes\":0,\"frame\":[],\"slot\":[{\"name\":\"shadow\",\"frame\":[{\"duration\":4,\"tweenEasing\":null},{\"duration\":4,\"tweenEasing\":0},{\"duration\":14,\"color\":{\"aM\":0},\"tweenEasing\":0},{\"duration\":4,\"color\":{\"aM\":0},\"tweenEasing\":0},{\"duration\":4,\"tweenEasing\":null}]}],\"bone\":[{\"name\":\"root\",\"frame\":[{\"duration\":30,\"transform\":{}}]},{\"name\":\"body\",\"frame\":[{\"duration\":4,\"transform\":{},\"tweenEasing\":0},{\"duration\":11,\"transform\":{\"y\":10.6113},\"tweenEasing\":0},{\"duration\":11,\"transform\":{\"y\":-7.7173},\"tweenEasing\":0},{\"duration\":4,\"transform\":{\"y\":6.75265},\"tweenEasing\":0},{\"duration\":0,\"transform\":{}}]},{\"name\":\"leg-L_ikTarget1\",\"frame\":[{\"duration\":30,\"transform\":{},\"tweenEasing\":0},{\"duration\":0,\"transform\":{}}]},{\"name\":\"leg-R_ikTarget\",\"frame\":[{\"duration\":4,\"transform\":{},\"tweenEasing\":0},{\"duration\":26,\"transform\":{\"x\":0.9956},\"tweenEasing\":0},{\"duration\":0,\"transform\":{}}]},{\"name\":\"hand-L_ikTarget2\",\"frame\":[{\"duration\":4,\"transform\":{},\"tweenEasing\":0},{\"duration\":6,\"transform\":{\"x\":19.91195},\"tweenEasing\":0},{\"duration\":6,\"transform\":{\"y\":-42.23825,\"x\":63.4694},\"tweenEasing\":0},{\"duration\":7,\"transform\":{\"y\":-109.36645,\"x\":61.62755},\"tweenEasing\":0},{\"duration\":4,\"transform\":{\"y\":-42.23825,\"x\":63.4694},\"tweenEasing\":0},{\"duration\":3,\"transform\":{\"y\":5.79225,\"x\":23.21875},\"tweenEasing\":0},{\"duration\":0,\"transform\":{}}]},{\"name\":\"hand-R_ikTarget3\",\"frame\":[{\"duration\":4,\"transform\":{},\"tweenEasing\":0},{\"duration\":6,\"transform\":{},\"tweenEasing\":0},{\"duration\":6,\"transform\":{\"y\":-45.72285,\"x\":23.521},\"tweenEasing\":0},{\"duration\":8,\"transform\":{\"y\":-103.39285,\"x\":11.2005},\"tweenEasing\":0},{\"duration\":6,\"transform\":{\"y\":-29.87505,\"x\":20.232},\"tweenEasing\":0},{\"duration\":0,\"transform\":{}}]},{\"name\":\"leg-left\",\"frame\":[{\"duration\":30,\"transform\":{}}]},{\"name\":\"leg-right\",\"frame\":[{\"duration\":30,\"transform\":{}}]},{\"name\":\"body1\",\"frame\":[{\"duration\":4,\"transform\":{},\"tweenEasing\":0},{\"duration\":11,\"transform\":{\"skX\":7.1838,\"skY\":7.1838},\"tweenEasing\":0},{\"duration\":11,\"transform\":{},\"tweenEasing\":0},{\"duration\":4,\"transform\":{\"skX\":7.1838,\"skY\":7.1838},\"tweenEasing\":0},{\"duration\":0,\"transform\":{}}]},{\"name\":\"hand-left\",\"frame\":[{\"duration\":30,\"transform\":{}}]},{\"name\":\"head\",\"frame\":[{\"duration\":4,\"transform\":{},\"tweenEasing\":0},{\"duration\":11,\"transform\":{\"skX\":7.1838,\"skY\":7.1838},\"tweenEasing\":0},{\"duration\":11,\"transform\":{},\"tweenEasing\":0},{\"duration\":4,\"transform\":{\"skX\":7.1838,\"skY\":7.1838},\"tweenEasing\":0},{\"duration\":0,\"transform\":{}}]},{\"name\":\"leg-left1\",\"frame\":[{\"duration\":30,\"transform\":{}}]},{\"name\":\"hand-right\",\"frame\":[{\"duration\":30,\"transform\":{}}]},{\"name\":\"leg-right1\",\"frame\":[{\"duration\":30,\"transform\":{}}]},{\"name\":\"zui\",\"frame\":[{\"duration\":30,\"transform\":{}}]},{\"name\":\"mei\",\"frame\":[{\"duration\":30,\"transform\":{}}]},{\"name\":\"hand-left1\",\"frame\":[{\"duration\":30,\"transform\":{}}]},{\"name\":\"hand-right1\",\"frame\":[{\"duration\":30,\"transform\":{}}]},{\"name\":\"eye\",\"frame\":[{\"duration\":30,\"transform\":{}}]},{\"name\":\"role\",\"frame\":[{\"duration\":30,\"transform\":{}}]},{\"name\":\"shadow\",\"frame\":[{\"duration\":30,\"transform\":{}}]},{\"name\":\"daji\",\"frame\":[{\"duration\":30,\"transform\":{}}]}],\"ik\":[{\"scale\":1,\"name\":\"bone_ik1\",\"offset\":0,\"frame\":[{\"duration\":30,\"weight\":1,\"bendPositive\":true,\"tweenEasing\":null}]}],\"name\":\"jump\"},{\"duration\":40,\"ffd\":[],\"playTimes\":0,\"frame\":[],\"slot\":[{\"name\":\"daji\",\"frame\":[{\"duration\":32,\"displayIndex\":-1,\"tweenEasing\":null},{\"duration\":3,\"tweenEasing\":null},{\"duration\":4,\"tweenEasing\":0},{\"duration\":1,\"color\":{\"aM\":0},\"tweenEasing\":null}]}],\"bone\":[{\"name\":\"root\",\"frame\":[{\"duration\":40,\"transform\":{}}]},{\"name\":\"body\",\"frame\":[{\"duration\":27,\"transform\":{}},{\"duration\":3,\"transform\":{},\"tweenEasing\":0},{\"duration\":1,\"transform\":{\"skX\":-14.3875,\"skY\":-14.3875},\"tweenEasing\":0},{\"duration\":7,\"transform\":{\"skX\":11.3432,\"skY\":11.3432},\"tweenEasing\":0},{\"duration\":2,\"transform\":{\"skX\":-5.5032,\"skY\":-5.5032},\"tweenEasing\":0},{\"duration\":0,\"transform\":{}}]},{\"name\":\"leg-L_ikTarget1\",\"frame\":[{\"duration\":5,\"transform\":{\"y\":-10.988,\"x\":-20.43675},\"tweenEasing\":0},{\"duration\":5,\"transform\":{\"y\":-8.6365,\"x\":-0.0901},\"tweenEasing\":0},{\"duration\":5,\"transform\":{\"y\":-1.66925,\"x\":20.2565},\"tweenEasing\":0},{\"duration\":5,\"transform\":{\"y\":-2.33665,\"x\":-0.0901},\"tweenEasing\":0},{\"duration\":5,\"transform\":{\"y\":-10.988,\"x\":-20.43675},\"tweenEasing\":0},{\"duration\":5,\"transform\":{\"y\":-8.6365,\"x\":-0.0901},\"tweenEasing\":0},{\"duration\":5,\"transform\":{\"y\":-1.66925,\"x\":20.2565},\"tweenEasing\":0},{\"duration\":5,\"transform\":{\"y\":-2.33665,\"x\":-0.0901},\"tweenEasing\":0},{\"duration\":0,\"transform\":{\"y\":-10.988,\"x\":-20.43675}}]},{\"name\":\"leg-R_ikTarget\",\"frame\":[{\"duration\":5,\"transform\":{\"y\":-1.7465,\"x\":18.2134},\"tweenEasing\":0},{\"duration\":5,\"transform\":{\"y\":-2.42015,\"x\":2.6634},\"tweenEasing\":0},{\"duration\":5,\"transform\":{\"y\":-7.58475,\"x\":-12.8866},\"tweenEasing\":0},{\"duration\":5,\"transform\":{\"y\":-6.9111,\"x\":2.6634},\"tweenEasing\":0},{\"duration\":5,\"transform\":{\"y\":-1.7465,\"x\":18.2134},\"tweenEasing\":0},{\"duration\":5,\"transform\":{\"y\":-2.42015,\"x\":2.6634},\"tweenEasing\":0},{\"duration\":5,\"transform\":{\"y\":-7.58475,\"x\":-12.8866},\"tweenEasing\":0},{\"duration\":5,\"transform\":{\"y\":-6.9111,\"x\":2.6634},\"tweenEasing\":0},{\"duration\":0,\"transform\":{\"y\":-1.7465,\"x\":18.2134}}]},{\"name\":\"hand-L_ikTarget2\",\"frame\":[{\"duration\":10,\"transform\":{\"y\":0.8362,\"x\":-11.14775},\"tweenEasing\":0},{\"duration\":10,\"transform\":{\"y\":3.2331,\"x\":-3.528},\"tweenEasing\":0},{\"duration\":7,\"transform\":{\"y\":0.8362,\"x\":-11.14775},\"tweenEasing\":0},{\"duration\":3,\"transform\":{\"y\":2.51405,\"x\":-5.8139},\"tweenEasing\":0},{\"duration\":1,\"transform\":{\"y\":-0.6765,\"x\":-15.95655},\"tweenEasing\":0},{\"duration\":5,\"transform\":{\"y\":-90.02905,\"x\":91.75985},\"tweenEasing\":0},{\"duration\":2,\"transform\":{\"y\":-78.093,\"x\":82.9319},\"tweenEasing\":0},{\"duration\":2,\"transform\":{\"y\":-25.2307,\"x\":71.96985},\"tweenEasing\":0},{\"duration\":0,\"transform\":{\"y\":0.8362,\"x\":-11.14775}}]},{\"name\":\"hand-R_ikTarget3\",\"frame\":[{\"duration\":10,\"transform\":{\"y\":-13.54325,\"x\":6.4489},\"tweenEasing\":0},{\"duration\":10,\"transform\":{\"y\":0.03775,\"x\":-15.64185},\"tweenEasing\":0},{\"duration\":10,\"transform\":{\"y\":-13.54325,\"x\":6.4489},\"tweenEasing\":0},{\"duration\":10,\"transform\":{\"y\":0.03775,\"x\":-15.64185},\"tweenEasing\":0},{\"duration\":0,\"transform\":{\"y\":-13.54325,\"x\":6.4489}}]},{\"name\":\"leg-left\",\"frame\":[{\"duration\":40,\"transform\":{}}]},{\"name\":\"leg-right\",\"frame\":[{\"duration\":40,\"transform\":{}}]},{\"name\":\"body1\",\"frame\":[{\"duration\":40,\"transform\":{}}]},{\"name\":\"hand-left\",\"frame\":[{\"duration\":40,\"transform\":{}}]},{\"name\":\"head\",\"frame\":[{\"duration\":10,\"transform\":{},\"tweenEasing\":0},{\"duration\":10,\"transform\":{\"skX\":-4.1113,\"skY\":-4.1113},\"tweenEasing\":0},{\"duration\":10,\"transform\":{},\"tweenEasing\":0},{\"duration\":10,\"transform\":{\"skX\":-4.1113,\"skY\":-4.1113},\"tweenEasing\":0},{\"duration\":0,\"transform\":{}}]},{\"name\":\"leg-left1\",\"frame\":[{\"duration\":40,\"transform\":{}}]},{\"name\":\"hand-right\",\"frame\":[{\"duration\":40,\"transform\":{}}]},{\"name\":\"leg-right1\",\"frame\":[{\"duration\":40,\"transform\":{}}]},{\"name\":\"zui\",\"frame\":[{\"duration\":10,\"transform\":{},\"tweenEasing\":0},{\"duration\":10,\"transform\":{\"scX\":0.6574},\"tweenEasing\":0},{\"duration\":4,\"transform\":{},\"tweenEasing\":0},{\"duration\":2,\"transform\":{\"scX\":0.8629},\"tweenEasing\":0},{\"duration\":2,\"transform\":{\"scX\":0.7944},\"tweenEasing\":0},{\"duration\":2,\"transform\":{\"scX\":0.7259}},{\"duration\":3,\"transform\":{\"scX\":0.6574},\"tweenEasing\":0},{\"duration\":3,\"transform\":{\"scX\":1.3053,\"scY\":1.4646},\"tweenEasing\":0},{\"duration\":4,\"transform\":{\"scX\":0.8629},\"tweenEasing\":0},{\"duration\":0,\"transform\":{}}]},{\"name\":\"mei\",\"frame\":[{\"duration\":30,\"transform\":{}},{\"duration\":3,\"transform\":{},\"tweenEasing\":0},{\"duration\":3,\"transform\":{\"y\":4.54385,\"x\":-11.3965},\"tweenEasing\":0},{\"duration\":4,\"transform\":{}}]},{\"name\":\"hand-left1\",\"frame\":[{\"duration\":40,\"transform\":{}}]},{\"name\":\"hand-right1\",\"frame\":[{\"duration\":40,\"transform\":{}}]},{\"name\":\"eye\",\"frame\":[{\"duration\":30,\"transform\":{}},{\"duration\":3,\"transform\":{},\"tweenEasing\":0},{\"duration\":3,\"transform\":{\"scX\":0.0162},\"tweenEasing\":0},{\"duration\":4,\"transform\":{}}]},{\"name\":\"role\",\"frame\":[{\"duration\":5,\"transform\":{\"skX\":9.1031,\"y\":-7.18235,\"skY\":9.1031},\"tweenEasing\":0},{\"duration\":5,\"transform\":{\"skX\":9.1031,\"y\":4.4462,\"skY\":9.1031},\"tweenEasing\":0},{\"duration\":5,\"transform\":{\"skX\":9.1031,\"y\":-7.18235,\"skY\":9.1031},\"tweenEasing\":0},{\"duration\":5,\"transform\":{\"skX\":9.1031,\"y\":4.4462,\"skY\":9.1031},\"tweenEasing\":0},{\"duration\":5,\"transform\":{\"skX\":9.1031,\"y\":-7.18235,\"skY\":9.1031},\"tweenEasing\":0},{\"duration\":2,\"transform\":{\"skX\":9.1031,\"y\":4.4462,\"skY\":9.1031},\"tweenEasing\":0},{\"duration\":3,\"transform\":{\"skX\":9.1031,\"y\":-0.2052,\"skY\":9.1031},\"tweenEasing\":0},{\"duration\":1,\"transform\":{\"skX\":9.1031,\"y\":-13.09295,\"skY\":9.1031,\"x\":-8.79205},\"tweenEasing\":0},{\"duration\":4,\"transform\":{\"skX\":9.1031,\"y\":-1.9013,\"skY\":9.1031,\"x\":13.225},\"tweenEasing\":0},{\"duration\":5,\"transform\":{\"skX\":9.1031,\"y\":4.4462,\"skY\":9.1031},\"tweenEasing\":0},{\"duration\":0,\"transform\":{\"skX\":9.1031,\"y\":-7.18235,\"skY\":9.1031}}]},{\"name\":\"shadow\",\"frame\":[{\"duration\":5,\"transform\":{\"scX\":0.8268,\"scY\":0.8268,\"x\":6.2299},\"tweenEasing\":0},{\"duration\":5,\"transform\":{\"x\":6.2299},\"tweenEasing\":0},{\"duration\":5,\"transform\":{\"scX\":0.8268,\"scY\":0.8268,\"x\":6.2299},\"tweenEasing\":0},{\"duration\":5,\"transform\":{\"x\":6.2299},\"tweenEasing\":0},{\"duration\":5,\"transform\":{\"scX\":0.8268,\"scY\":0.8268,\"x\":6.2299},\"tweenEasing\":0},{\"duration\":5,\"transform\":{\"x\":6.2299},\"tweenEasing\":0},{\"duration\":5,\"transform\":{\"scX\":0.8268,\"scY\":0.8268,\"x\":6.2299},\"tweenEasing\":0},{\"duration\":5,\"transform\":{\"x\":6.2299},\"tweenEasing\":0},{\"duration\":0,\"transform\":{\"scX\":0.8268,\"scY\":0.8268,\"x\":6.2299}}]},{\"name\":\"daji\",\"frame\":[{\"duration\":32,\"transform\":{}},{\"duration\":6,\"transform\":{\"scX\":0.8,\"scY\":0.8,\"x\":27.677},\"tweenEasing\":0},{\"duration\":2,\"transform\":{\"scX\":1.3,\"scY\":1.3,\"x\":27.677}}]}],\"ik\":[{\"scale\":1,\"name\":\"bone_ik1\",\"offset\":0,\"frame\":[{\"duration\":20,\"weight\":1,\"bendPositive\":true,\"tweenEasing\":0},{\"duration\":20,\"weight\":1,\"bendPositive\":true,\"tweenEasing\":null}]}],\"name\":\"attack\"}],\"skin\":[{\"name\":\"\",\"slot\":[{\"display\":[{\"type\":\"image\",\"transform\":{\"y\":-4.9829,\"x\":-4.99255},\"name\":\"daji\",\"path\":\"daji\"}],\"name\":\"daji\"},{\"display\":[{\"userEdges\":[],\"weights\":[2,10,0.9221154954954763,15,0.0778845045045237,2,10,0.5201221301267116,15,0.47987786987328845,2,10,0.15237928580880222,15,0.8476207141911978,2,10,0.18591640620289387,15,0.8140835937971062,2,10,0.5215917630935707,15,0.4784082369064292,2,10,0.9197444360972498,15,0.08025556390275025],\"width\":28,\"path\":\"leg-right\",\"slotPose\":[1,0,0,1,9.76230330820664,-31.365171540466324],\"height\":69,\"type\":\"mesh\",\"transform\":{\"y\":-31.36515,\"x\":9.7623},\"vertices\":[-10.05,-34.5,-10.925,-0.45,-12.125,34.5,14.25,34.5,13.45,-1.05,11.05,-34.5],\"uvs\":[0.14737,0,0.11667,0.49348,0.07456,1,1,1,0.97193,0.48478,0.88772,0],\"bonePose\":[10,-0.009063071868768263,0.9999589295207587,-0.9999589295207587,-0.009063071868768263,10.125,-61.62499999999998,15,-0.012538199293915388,0.9999213936897571,-0.9999213936897571,-0.012538199293915388,9.824999999999998,-28.525000000000006],\"name\":\"leg-right\",\"triangles\":[0,1,5,5,1,4,4,1,3,1,2,3],\"edges\":[0,1,1,2,2,3,3,4,4,5,5,0]}],\"name\":\"leg-right\"},{\"display\":[{\"type\":\"image\",\"transform\":{\"skX\":91.3185,\"y\":-0.38405,\"skY\":91.3185,\"x\":1.0035},\"name\":\"eye\",\"path\":\"eye\"}],\"name\":\"eye\"},{\"display\":[{\"type\":\"image\",\"transform\":{\"skX\":91.3185,\"y\":-2.075,\"skY\":91.3185,\"x\":-0.67415},\"name\":\"mei\",\"path\":\"mei\"}],\"name\":\"mei\"},{\"display\":[{\"userEdges\":[],\"weights\":[2,11,0.899585043897465,14,0.10041495610253509,2,11,0.5075279279151881,14,0.4924720720848118,2,11,0.17114303837706682,14,0.8288569616229332,2,11,0.17799326069516908,14,0.8220067393048309,2,11,0.5079872354607808,14,0.49201276453921927,2,11,0.9013479587364541,14,0.09865204126354589],\"width\":28,\"path\":\"leg-left\",\"slotPose\":[1,0,0,1,-14.1073958216557,-31.59274464746097],\"height\":69,\"type\":\"mesh\",\"transform\":{\"y\":-31.59275,\"x\":-14.1074},\"vertices\":[-10.9,-34.5,-9.975,0.35,-14.275,34.5,14.25,34.5,12.025,0.05,10.825,-34.5],\"uvs\":[0.11754,0,0.15,0.50507,-0.00088,1,1,1,0.92193,0.50072,0.87982,0],\"bonePose\":[11,-0.009982863593768012,0.9999501699757184,-0.9999501699757184,-0.009982863593768012,-14.100000000000001,-59.49999999999999,14,6.418476861114186e-17,0.9999999999999999,-0.9999999999999999,6.418476861114186e-17,-14.4,-29.45],\"name\":\"leg-left\",\"triangles\":[0,1,5,5,1,4,4,1,3,1,2,3],\"edges\":[0,1,1,2,2,3,3,4,4,5,5,0]}],\"name\":\"leg-left\"},{\"display\":[{\"userEdges\":[],\"weights\":[2,12,0.95213226388009,20,0.04786773611990998,2,12,0.5416654973097595,20,0.45833450269024056,2,12,0.13453703601337533,20,0.8654629639866246,2,12,0.12751824550152013,20,0.8724817544984799,2,12,0.14136878145980286,20,0.8586312185401971,2,12,0.13637706921827986,20,0.86362293078172,2,12,0.20680909732039318,20,0.7931909026796068,2,12,0.576595161999894,20,0.42340483800010587,2,12,0.9402583360561766,20,0.059741663943823416,2,12,0.9190836226365213,20,0.08091637736347872],\"width\":46,\"path\":\"hand-right\",\"slotPose\":[1,0,0,1,34.287112326256015,-112.48876305171557],\"height\":81,\"type\":\"mesh\",\"transform\":{\"y\":-112.48875,\"x\":34.2871},\"vertices\":[-23.25,-31.975,-11.775,3.775,1.25,33.15,5.975,40.75,23.25,40.75,23.25,23.9,20.2,17.05,5.75,-4.975,-15.575,-40.75,-23.25,-40.75],\"uvs\":[0,0.10767,0.24677,0.54632,0.52688,0.90675,0.62849,1,1,1,1,0.79325,0.93441,0.7092,0.62366,0.43896,0.16505,0,0,0],\"bonePose\":[12,0.37163337093460563,0.9283795762551985,-0.9283795762551985,0.37163337093460563,20.02499999999999,-141.45,20,0.46578490375243387,0.8848979734615374,-0.8848979734615374,0.46578490375243387,33.224999999999994,-108.47500000000002],\"name\":\"hand-right\",\"triangles\":[6,2,5,3,4,5,2,3,5,7,1,6,1,2,6,0,1,7,8,0,7,9,0,8],\"edges\":[0,1,1,2,2,3,3,4,4,5,5,6,6,7,7,8,8,9,9,0]}],\"name\":\"hand-right\"},{\"display\":[{\"userEdges\":[],\"weights\":[2,13,0.9479840684622386,21,0.05201593153776134,2,13,0.9530867084377879,21,0.04691329156221206,2,13,0.8870813305455296,21,0.11291866945447032,2,13,0.5061492133205848,21,0.4938507866794152,2,13,0.119140444533535,21,0.880859555466465,2,13,0.09355881173659535,21,0.9064411882634047,2,13,0.128967641563622,21,0.871032358436378,2,13,0.10480971176457661,21,0.8951902882354233,2,13,0.180220907090926,21,0.8197790929090739,2,13,0.5044853050799422,21,0.49551469492005784,2,13,0.9372853356094556,21,0.06271466439054436,2,13,0.9422977445501296,21,0.057702255449870496],\"width\":35,\"path\":\"hand-left\",\"slotPose\":[0.9999999999999998,0,0,0.9999999999999998,-35.79410132656867,-106.13249542621567],\"height\":84,\"type\":\"mesh\",\"transform\":{\"y\":-106.1325,\"x\":-35.7941},\"vertices\":[11.875,-42.275,6.425,-36.95,1.45,-24.875,-5.425,-4.95,-15.6,21.8,-17.75,28.65,-17.75,42.25,-2.1,42.25,8.775,30.325,11.4,0.925,17.75,-23.9,17.75,-42.275],\"uvs\":[0.83451,-0.0003,0.68099,0.06272,0.54085,0.20562,0.34718,0.44142,0.06056,0.75799,0,0.83905,0,1,0.44085,1,0.74718,0.85888,0.82113,0.51095,1,0.21716,1,-0.0003],\"bonePose\":[13,-0.3227503395458311,0.946484135272774,-0.946484135272774,-0.3227503395458311,-22.725,-138.525,21,-0.2843714241872406,0.9587141873914877,-0.9587141873914877,-0.2843714241872406,-33.475,-107],\"name\":\"hand-left\",\"triangles\":[4,8,9,2,3,9,2,9,10,1,2,10,1,10,11,0,1,11,3,4,9,5,7,8,4,5,8,5,6,7],\"edges\":[0,1,1,2,2,3,3,4,4,5,5,6,6,7,7,8,8,9,9,10,10,11,11,0]}],\"name\":\"hand-left\"},{\"display\":[{\"type\":\"image\",\"transform\":{\"y\":-0.73235,\"x\":-1.75895},\"name\":\"shadow\",\"path\":\"shadow\"}],\"name\":\"shadow\"},{\"display\":[{\"type\":\"image\",\"transform\":{\"skX\":91.3185,\"y\":0.37505,\"skY\":91.3185,\"x\":1.23365},\"name\":\"zui\",\"path\":\"zui\"}],\"name\":\"zui\"},{\"display\":[{\"userEdges\":[3,22,22,23,23,24,24,16,25,26,26,27,27,28,28,4],\"weights\":[2,8,0.709945960576045,9,0.290054039423955,2,8,0.7718899752096414,9,0.22811002479035858,2,8,0.8347515584796804,9,0.16524844152031964,2,8,0.891599669266,9,0.10840033073400009,2,8,0.8451272922164492,9,0.15487270778355072,2,8,0.8083492852167775,9,0.19165071478322243,2,8,0.7402912380564847,9,0.2597087619435154,2,8,0.6509414754853243,9,0.34905852451467556,2,8,0.5352897157619232,9,0.4647102842380768,2,8,0.49561712526478496,9,0.504382874735215,2,8,0.2991059625780277,9,0.7008940374219723,2,8,0.32941923104666554,9,0.6705807689533345,2,8,0.14114053165898144,9,0.8588594683410185,2,8,0.05721376408565256,9,0.9427862359143474,2,8,0.08843027336164586,9,0.9115697266383541,2,8,0.12248966940621862,9,0.8775103305937814,2,8,0.0826295392166676,9,0.9173704607833324,2,8,0.30624705519844175,9,0.6937529448015582,2,8,0.26896078979875865,9,0.7310392102012413,2,8,0.4726554173426135,9,0.5273445826573866,2,8,0.5738463605642209,9,0.42615363943577916,2,8,0.6891294530966733,9,0.31087054690332666,2,8,0.9925525705562408,9,0.007447429443759195,2,8,0.9806835524220675,9,0.019316447577932414,2,8,0.012175695251304334,9,0.9878243047486956,2,8,0.032439362807541526,9,0.9675606371924584,2,8,0.13866707993043886,9,0.8613329200695611,2,8,0.5500339438827357,9,0.4499660561172642,2,8,0.8421045634773633,9,0.15789543652263674],\"width\":111,\"path\":\"body\",\"slotPose\":[1,0,0,1,3.4950350361892584,-112.86425853129697],\"height\":174,\"type\":\"mesh\",\"transform\":{\"y\":-112.86425,\"x\":3.49505},\"vertices\":[-47.825,63,-31.7,74.7,-5.325,75.45,-2.375,64.475,15.95,61.9,17.05,72.15,34.275,67.4,46,47.975,38.3,17.525,32.075,-6.275,21.8,-32.3,28.775,-36.675,13.375,-49.15,1.275,-50.625,-0.55,-57.575,-21.8,-56.475,-19.25,-48.775,-40.875,-34.85,-32.075,-31.2,-30.225,-5.525,-35.375,19.375,-41.625,42.475,0.53,41.015,-0.945,9.865,-6.42,-19.81,-4.245,-49.135,5.655,-22.01,13.355,8.415,15.18,38.815],\"uvs\":[0.06914,0.86207,0.21441,0.92931,0.45203,0.93362,0.4786,0.87055,0.64369,0.85575,0.6536,0.91466,0.80878,0.88736,0.91441,0.77572,0.84505,0.60072,0.78896,0.46394,0.6964,0.31437,0.75923,0.28922,0.6205,0.21753,0.51149,0.20905,0.49505,0.16911,0.3036,0.17543,0.32658,0.21968,0.13176,0.29971,0.21104,0.32069,0.2277,0.46825,0.18131,0.61135,0.125,0.74411,0.50477,0.73571,0.49149,0.55669,0.44216,0.38615,0.46176,0.21761,0.55095,0.3735,0.62031,0.54836,0.63676,0.72307],\"bonePose\":[8,0.02350164444256229,-0.9997237982105335,0.9997237982105335,0.02350164444256229,0.5,-70.6,9,-0.09595541791675144,-0.9953856326933906,0.9953856326933906,-0.09595541791675144,1.4595448045371675,-112.11218262485238],\"name\":\"body\",\"triangles\":[4,6,7,28,4,7,8,28,7,9,27,8,27,28,8,10,26,9,4,5,6,26,27,9,12,10,11,27,23,28,23,22,28,28,22,4,12,26,10,24,23,26,13,26,12,26,23,27,22,3,4,13,25,26,23,20,22,25,24,26,16,24,25,24,19,23,21,3,22,14,25,13,20,21,22,16,18,24,21,1,3,15,25,14,19,20,23,15,16,25,1,2,3,18,19,24,21,0,1,17,18,16],\"edges\":[0,1,1,2,2,3,3,4,4,5,5,6,6,7,7,8,8,9,9,10,10,11,11,12,12,13,13,14,14,15,15,16,16,17,17,18,18,19,19,20,20,21,21,0]}],\"name\":\"body\"},{\"display\":[{\"type\":\"image\",\"transform\":{\"skX\":91.3185,\"y\":-10.83255,\"skY\":91.3185,\"x\":59.49585},\"name\":\"head\",\"path\":\"head\"}],\"name\":\"head\"}]}],\"type\":\"Armature\",\"bone\":[{\"transform\":{},\"name\":\"root\"},{\"transform\":{},\"name\":\"shadow\",\"parent\":\"root\"},{\"length\":0.5,\"parent\":\"root\",\"transform\":{},\"name\":\"role\"},{\"transform\":{\"y\":-142.8935,\"x\":75.73525},\"name\":\"daji\",\"parent\":\"root\"},{\"transform\":{\"y\":-85.0252,\"x\":45.5683},\"name\":\"hand-R_ikTarget3\",\"parent\":\"role\"},{\"transform\":{\"y\":-78.23855,\"x\":-42.00615},\"name\":\"hand-L_ikTarget2\",\"parent\":\"role\"},{\"transform\":{\"y\":-5.02685,\"x\":9.53035},\"name\":\"leg-R_ikTarget\",\"parent\":\"role\"},{\"transform\":{\"y\":-4.95,\"x\":-14.4},\"name\":\"leg-L_ikTarget1\",\"parent\":\"role\"},{\"length\":41,\"parent\":\"role\",\"transform\":{\"skX\":-88.6533,\"y\":-70.6,\"skY\":-88.6533,\"x\":0.5},\"name\":\"body\"},{\"length\":41,\"parent\":\"body\",\"transform\":{\"skX\":-6.853,\"y\":-0.0163,\"skY\":-6.853,\"x\":41.52325},\"name\":\"body1\"},{\"length\":33,\"parent\":\"body\",\"transform\":{\"skX\":179.1726,\"y\":9.83325,\"skY\":179.1726,\"x\":-8.7463},\"name\":\"leg-right\"},{\"length\":30,\"parent\":\"body\",\"transform\":{\"skX\":179.2253,\"y\":-14.3351,\"skY\":179.2253,\"x\":-11.44005},\"name\":\"leg-left\"},{\"length\":35.5,\"parent\":\"body1\",\"transform\":{\"skX\":163.6899,\"y\":21.2949,\"skY\":163.6899,\"x\":27.421},\"name\":\"hand-right\"},{\"length\":33,\"parent\":\"body1\",\"transform\":{\"skX\":-155.6644,\"y\":-21.5385,\"skY\":-155.6644,\"x\":28.6116},\"name\":\"hand-left\"},{\"length\":24.5,\"parent\":\"leg-left\",\"transform\":{\"skX\":-0.572,\"skY\":-0.572,\"x\":30.0515},\"name\":\"leg-left1\"},{\"length\":23.5,\"parent\":\"leg-right\",\"transform\":{\"skX\":0.1991,\"skY\":0.1991,\"x\":33.10135},\"name\":\"leg-right1\"},{\"length\":84.5,\"parent\":\"body1\",\"transform\":{\"skX\":4.1878,\"y\":-1.02185,\"skY\":4.1878,\"x\":49.1627},\"name\":\"head\"},{\"transform\":{\"y\":6.01385,\"x\":17.91635},\"name\":\"zui\",\"parent\":\"head\"},{\"transform\":{\"y\":6.27105,\"x\":43.21715},\"name\":\"eye\",\"parent\":\"head\"},{\"transform\":{\"y\":6.13295,\"x\":66.5515},\"name\":\"mei\",\"parent\":\"head\"},{\"length\":26.5,\"parent\":\"hand-right\",\"transform\":{\"skX\":-5.9446,\"skY\":-5.9446,\"x\":35.5189},\"name\":\"hand-right1\"},{\"length\":30,\"parent\":\"hand-left\",\"transform\":{\"skX\":-2.3081,\"skY\":-2.3081,\"x\":33.3075},\"name\":\"hand-left1\"}],\"ik\":[{\"target\":\"leg-R_ikTarget\",\"chain\":1,\"bone\":\"leg-right1\",\"name\":\"bone_ik\"},{\"target\":\"leg-L_ikTarget1\",\"chain\":1,\"bone\":\"leg-left1\",\"name\":\"bone_ik1\",\"bendPositive\":\"false\"},{\"target\":\"hand-R_ikTarget3\",\"chain\":1,\"bone\":\"hand-right1\",\"name\":\"bone_ik3\",\"bendPositive\":\"false\"},{\"target\":\"hand-L_ikTarget2\",\"chain\":1,\"bone\":\"hand-left1\",\"name\":\"bone_ik2\",\"bendPositive\":\"false\"}],\"name\":\"role4\",\"aabb\":{\"x\":-96.47365339578454,\"y\":-294.9308297089327,\"width\":160,\"height\":305.19846861715087}}],\"isGlobal\":0,\"name\":\"role4\"}"
}