{
  "__type__": "dragonBones.DragonBonesAsset",
  "_name": "summer_ske",
  "_dragonBonesJson": "{\"frameRate\":24,\"version\":\"4.5\",\"isGlobal\":0,\"armature\":[{\"frameRate\":24,\"aabb\":{\"x\":-140.3908799654763,\"y\":-195.71517737709107,\"width\":272.0033648101171,\"height\":245.1347000867876},\"animation\":[{\"ffd\":[],\"duration\":60,\"frame\":[],\"slot\":[],\"playTimes\":0,\"name\":\"idle\",\"bone\":[{\"name\":\"root\",\"frame\":[{\"transform\":{},\"duration\":60}]},{\"name\":\"body\",\"frame\":[{\"tweenEasing\":0,\"transform\":{},\"duration\":15},{\"tweenEasing\":0,\"transform\":{\"skX\":2.5995,\"skY\":2.5995},\"duration\":15},{\"tweenEasing\":0,\"transform\":{},\"duration\":15},{\"tweenEasing\":0,\"transform\":{\"skX\":2.5995,\"skY\":2.5995},\"duration\":15},{\"transform\":{},\"duration\":0}]},{\"name\":\"body1\",\"frame\":[{\"tweenEasing\":0,\"transform\":{},\"duration\":15},{\"tweenEasing\":0,\"transform\":{\"skX\":7.6914,\"skY\":7.6914},\"duration\":15},{\"tweenEasing\":0,\"transform\":{},\"duration\":15},{\"tweenEasing\":0,\"transform\":{\"skX\":7.6914,\"skY\":7.6914},\"duration\":15},{\"transform\":{},\"duration\":0}]},{\"name\":\"hand-left\",\"frame\":[{\"tweenEasing\":0,\"transform\":{\"skX\":-26.4642,\"skY\":-26.4642},\"duration\":15},{\"tweenEasing\":0,\"transform\":{\"y\":8.9285,\"skX\":6.809,\"skY\":6.809,\"x\":0.40535},\"duration\":15},{\"tweenEasing\":0,\"transform\":{\"skX\":-26.4642,\"skY\":-26.4642},\"duration\":15},{\"tweenEasing\":0,\"transform\":{\"y\":8.9285,\"skX\":6.809,\"skY\":6.809,\"x\":0.40535},\"duration\":15},{\"transform\":{\"skX\":-26.4642,\"skY\":-26.4642},\"duration\":0}]},{\"name\":\"hand-left1\",\"frame\":[{\"tweenEasing\":0,\"transform\":{},\"duration\":15},{\"tweenEasing\":0,\"transform\":{\"skX\":-15.8662,\"skY\":-15.8662},\"duration\":15},{\"tweenEasing\":0,\"transform\":{},\"duration\":15},{\"tweenEasing\":0,\"transform\":{\"skX\":-15.8662,\"skY\":-15.8662},\"duration\":15},{\"transform\":{},\"duration\":0}]},{\"name\":\"hand-right\",\"frame\":[{\"tweenEasing\":0,\"transform\":{},\"duration\":15},{\"tweenEasing\":0,\"transform\":{\"y\":8.7912,\"skX\":-19.4223,\"skY\":-19.4223,\"x\":-5.1927},\"duration\":15},{\"tweenEasing\":0,\"transform\":{},\"duration\":15},{\"tweenEasing\":0,\"transform\":{\"y\":8.7912,\"skX\":-19.4223,\"skY\":-19.4223,\"x\":-5.1927},\"duration\":15},{\"transform\":{},\"duration\":0}]},{\"name\":\"hand-right1\",\"frame\":[{\"tweenEasing\":0,\"transform\":{},\"duration\":15},{\"tweenEasing\":0,\"transform\":{\"skX\":2.783,\"skY\":2.783},\"duration\":15},{\"tweenEasing\":0,\"transform\":{},\"duration\":15},{\"tweenEasing\":0,\"transform\":{\"skX\":2.783,\"skY\":2.783},\"duration\":15},{\"transform\":{},\"duration\":0}]},{\"name\":\"body2\",\"frame\":[{\"tweenEasing\":0,\"transform\":{},\"duration\":15},{\"tweenEasing\":0,\"transform\":{\"skX\":-5.7039,\"skY\":-5.7039},\"duration\":15},{\"tweenEasing\":0,\"transform\":{},\"duration\":15},{\"tweenEasing\":0,\"transform\":{\"skX\":-5.7039,\"skY\":-5.7039},\"duration\":15},{\"transform\":{},\"duration\":0}]},{\"name\":\"body3\",\"frame\":[{\"tweenEasing\":0,\"transform\":{},\"duration\":15},{\"tweenEasing\":0,\"transform\":{\"skX\":-1.7998,\"skY\":-1.7998},\"duration\":15},{\"tweenEasing\":0,\"transform\":{},\"duration\":15},{\"tweenEasing\":0,\"transform\":{\"skX\":-1.7998,\"skY\":-1.7998},\"duration\":15},{\"transform\":{},\"duration\":0}]},{\"name\":\"moutch\",\"frame\":[{\"tweenEasing\":0,\"transform\":{},\"duration\":15},{\"tweenEasing\":0,\"transform\":{\"scX\":0.7731},\"duration\":15},{\"tweenEasing\":0,\"transform\":{},\"duration\":15},{\"tweenEasing\":0,\"transform\":{\"scX\":0.7731},\"duration\":15},{\"transform\":{},\"duration\":0}]},{\"name\":\"eye-1\",\"frame\":[{\"transform\":{},\"duration\":36},{\"tweenEasing\":0,\"transform\":{},\"duration\":2},{\"tweenEasing\":0,\"transform\":{\"scX\":0.1778},\"duration\":2},{\"transform\":{},\"duration\":20}]},{\"name\":\"eye-2\",\"frame\":[{\"tweenEasing\":0,\"transform\":{},\"duration\":18},{\"tweenEasing\":0,\"transform\":{},\"duration\":2},{\"tweenEasing\":0,\"transform\":{\"y\":-19.291,\"x\":4.6185},\"duration\":13},{\"tweenEasing\":0,\"transform\":{\"y\":-19.291,\"x\":4.6185},\"duration\":2},{\"tweenEasing\":0,\"transform\":{},\"duration\":25},{\"transform\":{},\"duration\":0}]}],\"ik\":[]}],\"slot\":[{\"color\":{},\"name\":\"shadow\",\"parent\":\"root\"},{\"z\":1,\"color\":{},\"name\":\"hand-left\",\"parent\":\"hand-left1\"},{\"z\":2,\"color\":{},\"name\":\"body\",\"parent\":\"body3\"},{\"z\":3,\"color\":{},\"name\":\"moutch\",\"parent\":\"moutch\"},{\"z\":4,\"color\":{},\"name\":\"hand-right\",\"parent\":\"hand-right1\"},{\"z\":5,\"color\":{},\"name\":\"eye-1\",\"parent\":\"eye-1\"},{\"z\":6,\"color\":{},\"name\":\"eye-2\",\"parent\":\"eye-2\"}],\"defaultActions\":[{\"gotoAndPlay\":\"idle\"}],\"type\":\"Armature\",\"skin\":[{\"name\":\"\",\"slot\":[{\"display\":[{\"weights\":[1,2,1,2,2,0.5741704482134061,1,0.42582955178659376,2,2,0.5041706330393158,1,0.4958293669606843,3,2,0.2294662381155907,5,0.4933514321659839,1,0.2771823297184253,2,5,0.8273211139475193,1,0.17267888605248072,2,5,0.8557146459290668,1,0.14428535407093324,2,5,0.8451808566295792,1,0.15481914337042083,2,5,0.8832654784589724,1,0.11673452154102751,2,5,0.9440140016801891,1,0.05598599831981092,3,5,0.9354110810621797,1,0.04340566883452981,6,0.021183250103290526,3,5,0.8945341220225995,1,0.0714874262374598,6,0.03397845173994066,3,5,0.5749808477610157,1,0.2612839292784135,6,0.1637352229605709,3,5,0.452125113237599,1,0.3633083045840493,6,0.1845665821783517,4,2,0.0302918172667782,1,0.6655919085506927,5,0.18011978522916144,6,0.12399648895336768,4,2,0.03369983016205486,1,0.5911021298407472,6,0.2626560593665402,5,0.1125419806306577,3,6,0.5131911982227726,1,0.331685182401255,5,0.1551236193759725,3,6,0.5394318820809686,1,0.2736173751878825,5,0.18695074273114892,3,6,0.9001772688231948,1,0.06407670637112688,5,0.035746024805678255,2,6,0.9549779297541229,1,0.04502207024587715,2,6,0.8576918825250406,1,0.14230811747495947,2,6,0.8580113046507055,1,0.14198869534929448,2,6,0.8238934223553914,1,0.17610657764460852,2,6,0.7828591952006086,1,0.21714080479939135,3,2,0.2961206012578805,6,0.3945206779065753,1,0.30935872083554417,2,2,0.5059676917760033,1,0.4940323082239968,1,2,1,1,2,1,1,2,1,1,2,1,1,2,1,2,2,0.9886781673144294,1,0.011321832685570651,2,2,0.8745153763266844,1,0.12548462367331553,4,2,0.12407422695455401,1,0.8458528503007449,6,0.01632368959759201,5,0.01374923314710925,4,2,0.011009810684718992,1,0.931610601039451,6,0.0346460449632077,5,0.02273354331262225,3,5,0.9948246573494548,1,0.004005597037283555,6,0.0011697456132617205,3,6,0.9895483162117242,1,0.007525126780251545,5,0.002926557008024173,4,2,0.0038308208851288235,6,0.9785183697289683,1,0.013439939005865164,5,0.00421087038003768,4,2,0.002690757225405071,5,0.9834166533486338,1,0.011077524857418709,6,0.0028150645685422167,3,2,0.2548694263566051,1,0.42351687703828295,5,0.321613696605112,3,2,0.304017407898042,1,0.3788500939073006,6,0.3171324981946574,3,2,0.3686088454393502,1,0.37157092782092216,6,0.25982022673972777,3,2,0.3704825456098754,1,0.3767239361309662,5,0.2527935182591583,2,2,0.6034110005300484,1,0.3965889994699516,2,2,0.6087652806367237,1,0.3912347193632762],\"type\":\"mesh\",\"uvs\":[0.07486,0.14667,0.003,0.26204,0,0.4243,0.01257,0.62258,0.039,0.81366,0.05086,0.93441,0.02943,0.97785,0.08443,0.99215,0.16343,0.98495,0.23057,1.00011,0.30243,0.99032,0.41257,0.9957,0.44129,0.96151,0.47243,0.88591,0.54914,0.88215,0.57286,0.95065,0.56586,0.99032,0.68086,0.99398,0.83414,1.00011,0.98014,1.00011,0.961,0.92376,0.985,0.84968,0.99214,0.74882,1,0.54505,1,0.39183,0.98257,0.24226,0.88686,0.08355,0.68329,0.00785,0.53,0,0.30957,0,0.51326,0.15935,0.51812,0.38655,0.53726,0.56677,0.52526,0.77591,0.22355,0.88945,0.78155,0.90752,0.77912,0.82279,0.21155,0.82279,0.23541,0.61182,0.79355,0.57945,0.87969,0.48924,0.11098,0.49827,0.18284,0.30902,0.80069,0.273],\"width\":175,\"slotPose\":[1.0000000000000002,-6.938893903907228e-18,6.938893903907228e-18,1.0000000000000002,-1.0713149863760378,-110.24797729030348],\"userEdges\":[],\"height\":232,\"edges\":[0,1,1,2,2,3,3,4,4,5,5,6,6,7,7,8,8,9,9,10,10,11,11,12,12,13,13,14,14,15,15,16,16,17,17,18,18,19,19,20,20,21,21,22,22,23,23,24,24,25,25,26,26,27,27,28,28,29,29,0],\"transform\":{\"y\":39.93805,\"skX\":-87.4886,\"skY\":-87.4886,\"x\":-79.7996},\"path\":\"body\",\"triangles\":[26,43,25,36,21,22,39,36,22,25,43,24,43,40,24,39,22,23,40,39,23,24,40,23,35,20,21,36,35,21,20,18,19,35,18,20,27,30,43,43,31,40,27,43,26,31,39,40,33,36,39,32,33,39,31,32,39,35,17,18,30,31,43,14,35,36,15,17,35,14,15,35,33,14,36,15,16,17,28,30,27,30,42,31,38,33,32,33,13,14,29,30,28,31,38,32,41,38,31,38,37,33,42,41,31,37,13,33,29,0,30,0,42,30,34,12,13,37,34,13,10,11,12,34,10,12,34,9,10,0,1,42,2,41,42,34,8,9,41,3,38,4,37,38,3,4,38,5,8,34,37,4,34,4,5,34,5,7,8,1,2,42,2,3,41,5,6,7],\"vertices\":[-74.4,-82.15,-86.975,-55.325,-87.5,-17.6,-85.3,28.5,-80.675,72.925,-78.6,101,-82.35,111.1,-72.725,114.425,-58.9,112.75,-47.15,116.275,-34.575,114,-15.3,115.25,-10.275,107.3,-4.825,89.725,8.6,88.85,12.75,104.775,11.525,114,31.65,114.85,58.475,116.275,84.025,116.275,80.675,98.525,84.875,81.3,86.125,57.85,87.5,10.475,87.5,-25.15,84.45,-59.925,67.7,-96.825,32.075,-114.425,5.25,-116.25,-33.325,-116.25,2.32,-79.2,3.17,-26.375,6.52,15.525,4.42,64.15,-48.38,90.55,49.27,94.75,48.845,75.05,-50.48,75.05,-46.305,26,51.37,18.475,66.445,-2.5,-68.08,-0.4,-55.505,-44.4,52.62,-52.775],\"bonePose\":[2,-0.024023174972981252,-0.9997114018876735,0.9997114018876735,-0.024023174972981252,-4.625,-119.025,1,6.123233995736766e-17,-1,1,6.123233995736766e-17,-4.625,-41.5,5,0.015368889835300794,0.9998818916378226,-0.9998818916378226,0.015368889835300794,-46.525,-35.2,6,0.043817524169155526,0.9990395510567565,-0.9990395510567565,0.043817524169155526,42.325,-32.275],\"name\":\"body\"}],\"name\":\"body\"},{\"display\":[{\"type\":\"image\",\"transform\":{\"y\":1.84985,\"skX\":90,\"skY\":90,\"x\":1.4212},\"name\":\"moutch\",\"path\":\"moutch\"}],\"name\":\"moutch\"},{\"display\":[{\"weights\":[2,4,0.9566617712094528,9,0.04333822879054721,2,4,0.7995419684720084,9,0.20045803152799166,2,4,0.5226132847461534,9,0.4773867152538467,2,4,0.39703820253895417,9,0.6029617974610457,2,4,0.4141594205537246,9,0.5858405794462753,2,4,0.24851941502806454,9,0.7514805849719355,2,4,0.07926916017259147,9,0.9207308398274084,2,4,0.13105777532503765,9,0.8689422246749624,2,4,0.19566377538980087,9,0.8043362246101992,2,4,0.2389161692475503,9,0.7610838307524498,2,4,0.32526636393315034,9,0.6747336360668497,2,4,0.32423413131185685,9,0.6757658686881433,2,4,0.44280822219980776,9,0.5571917778001924,2,4,0.4999007748991517,9,0.5000992251008484,2,4,0.5971861914292524,9,0.40281380857074767,2,4,0.7644498221610962,9,0.23555017783890367,2,4,0.8489292706531839,9,0.15107072934681612],\"type\":\"mesh\",\"uvs\":[0.01646,0.17181,0.0003,0.42128,0.09848,0.65319,0.24146,0.78697,0.16006,0.88059,0.33384,0.96117,0.52256,0.93856,0.74238,1.00027,0.90122,0.99202,1,0.90798,1,0.68457,0.88537,0.64867,0.79848,0.5016,0.66555,0.28351,0.48171,0.09601,0.26738,-0.00027,0.00122,-0.00027],\"width\":82,\"slotPose\":[0.9999999999999999,5.551115123125783e-17,-5.551115123125783e-17,0.9999999999999999,92.4624848446408,-80.26891909059607],\"userEdges\":[],\"height\":94,\"edges\":[0,1,1,2,2,3,3,4,4,5,5,6,6,7,7,8,8,9,9,10,10,11,11,12,12,13,13,14,14,15,15,16,16,0],\"transform\":{\"y\":-7.76015,\"skX\":-62.1409,\"skY\":-62.1409,\"x\":2.89265},\"path\":\"hand-right\",\"triangles\":[7,8,9,11,7,9,10,11,9,6,7,11,12,6,11,13,3,12,3,6,12,2,3,13,14,1,13,1,2,13,15,0,14,0,1,14,3,5,6,3,4,5,16,0,15],\"vertices\":[-39.65,-30.85,-40.975,-7.4,-32.925,14.4,-21.2,26.975,-27.875,35.775,-13.625,43.35,1.85,41.225,19.875,47.025,32.9,46.25,41,38.35,41,17.35,31.6,13.975,24.475,0.15,13.575,-20.35,-1.5,-37.975,-19.075,-47.025,-40.9,-47.025],\"bonePose\":[4,0.7127520726121352,0.7014160555526979,-0.7014160555526979,0.7127520726121352,59.099999999999994,-103.95,9,0.4672989096190707,0.8840993886825325,-0.8840993886825325,0.4672989096190707,84.24999999999999,-79.2],\"name\":\"hand-right\"}],\"name\":\"hand-right\"},{\"display\":[{\"type\":\"image\",\"transform\":{\"y\":1.37005,\"skX\":91.3766,\"skY\":91.3766,\"x\":-0.68615},\"name\":\"eye-2\",\"path\":\"eye-2\"}],\"name\":\"eye-2\"},{\"display\":[{\"type\":\"image\",\"transform\":{\"y\":2.2983,\"skX\":91.3766,\"skY\":91.3766,\"x\":-0.81525},\"name\":\"eye-1\",\"path\":\"eye-1\"}],\"name\":\"eye-1\"},{\"display\":[{\"type\":\"image\",\"transform\":{\"scX\":2.0067,\"y\":0.226,\"scY\":1.4063,\"x\":2.0978},\"name\":\"shadow\",\"path\":\"shadow\"}],\"name\":\"shadow\"},{\"display\":[{\"weights\":[2,3,0.8112633638673857,10,0.18873663613261432,2,3,0.572064609993806,10,0.42793539000619396,2,3,0.47508165031123667,10,0.5249183496887633,2,3,0.24406065584066228,10,0.7559393441593377,2,3,0.25750406178673224,10,0.7424959382132678,2,3,0.22598509602497502,10,0.774014903975025,2,3,0.1333236695765096,10,0.8666763304234905,2,3,0.3681033026769207,10,0.6318966973230793,2,3,0.42300743012050757,10,0.5769925698794924,2,3,0.5160174265330597,10,0.48398257346694024,2,3,0.7031760974794343,10,0.2968239025205657,2,3,0.9669334066048155,10,0.03306659339518444,2,3,0.9077755837379102,10,0.09222441626208977],\"type\":\"mesh\",\"uvs\":[0.74085,0.00029,0.49477,0.13362,0.24281,0.38448,0.12745,0.65402,0,0.72126,0,1,0.41209,1,0.82353,0.98621,0.82353,0.80316,0.9268,0.62011,0.99967,0.4227,0.99967,0.12874,0.93301,0.00029],\"width\":76,\"slotPose\":[1,1.1102230246251565e-16,-1.1102230246251565e-16,1,-108.1678030423994,-78.35131574922565],\"userEdges\":[],\"height\":87,\"edges\":[0,1,1,2,2,3,3,4,4,5,5,6,6,7,7,8,8,9,9,10,10,11,11,12,12,0],\"transform\":{\"y\":4.71105,\"skX\":-119.5414,\"skY\":-119.5414,\"x\":7.03615},\"path\":\"hand-left\",\"triangles\":[12,0,11,0,1,11,11,1,10,1,9,10,2,8,9,1,2,9,3,6,8,2,3,8,6,7,8,4,5,3,3,5,6],\"vertices\":[18.425,-43.475,-0.4,-31.875,-19.675,-10.05,-28.5,13.4,-38.25,19.25,-38.25,43.5,-6.725,43.5,24.75,42.3,24.75,26.375,32.65,10.45,38.225,-6.725,38.225,-32.3,33.125,-43.475],\"bonePose\":[3,-0.6950095695026168,0.719000485604695,-0.719000485604695,-0.6950095695026168,-76.7,-106.875,10,-0.49305163059580903,0.8700000514751788,-0.8700000514751788,-0.49305163059580903,-100.59999999999998,-82.14999999999998],\"name\":\"hand-left\"}],\"name\":\"hand-left\"}]}],\"name\":\"summer\",\"bone\":[{\"transform\":{},\"name\":\"root\"},{\"length\":77.5,\"parent\":\"root\",\"transform\":{\"y\":-41.5,\"skX\":-90,\"skY\":-90,\"x\":-4.625},\"name\":\"body\"},{\"length\":86,\"parent\":\"body\",\"transform\":{\"skX\":-1.3766,\"skY\":-1.3766,\"x\":77.525},\"name\":\"body1\"},{\"length\":34,\"parent\":\"body\",\"transform\":{\"y\":-72.075,\"skX\":-135.972,\"skY\":-135.972,\"x\":65.375},\"name\":\"hand-left\"},{\"length\":35,\"parent\":\"body\",\"transform\":{\"y\":63.725,\"skX\":134.5407,\"skY\":134.5407,\"x\":62.45},\"name\":\"hand-right\"},{\"length\":27.5,\"parent\":\"body\",\"transform\":{\"y\":-41.9,\"skX\":179.1194,\"skY\":179.1194,\"x\":-6.3},\"name\":\"body2\"},{\"length\":28.5,\"parent\":\"body\",\"transform\":{\"y\":46.95,\"skX\":177.4886,\"skY\":177.4886,\"x\":-9.225},\"name\":\"body3\"},{\"transform\":{\"y\":-6.7,\"x\":45.25},\"name\":\"moutch\",\"parent\":\"body\"},{\"transform\":{\"y\":-12.58055,\"x\":34.2621},\"name\":\"eye-1\",\"parent\":\"body1\"},{\"length\":33,\"parent\":\"hand-right\",\"transform\":{\"skX\":17.6002,\"skY\":17.6002,\"x\":35.28575},\"name\":\"hand-right1\"},{\"length\":32,\"parent\":\"hand-left\",\"transform\":{\"skX\":-14.4866,\"skY\":-14.4866,\"x\":34.388},\"name\":\"hand-left1\"},{\"transform\":{\"y\":7.21365,\"x\":3.60275},\"name\":\"eye-2\",\"parent\":\"eye-1\"}],\"ik\":[]}],\"name\":\"summer\"}"
}