{
  "__type__": "dragonBones.DragonBonesAsset",
  "_name": "winter_ske",
  "_dragonBonesJson": "{\"frameRate\":24,\"version\":\"4.5\",\"isGlobal\":0,\"armature\":[{\"frameRate\":24,\"aabb\":{\"x\":-113.87500296902766,\"y\":-223.9358560133741,\"width\":219.4324908207263,\"height\":236.5},\"animation\":[{\"ffd\":[],\"duration\":60,\"frame\":[],\"slot\":[],\"playTimes\":0,\"name\":\"idle\",\"bone\":[{\"name\":\"root\",\"frame\":[{\"transform\":{},\"duration\":60}]},{\"name\":\"body\",\"frame\":[{\"tweenEasing\":0,\"transform\":{},\"duration\":15},{\"tweenEasing\":0,\"transform\":{\"scX\":0.942},\"duration\":15},{\"tweenEasing\":0,\"transform\":{},\"duration\":15},{\"tweenEasing\":0,\"transform\":{\"scX\":0.942},\"duration\":15},{\"transform\":{},\"duration\":0}]},{\"name\":\"body1\",\"frame\":[{\"transform\":{},\"duration\":60}]},{\"name\":\"body2\",\"frame\":[{\"transform\":{},\"duration\":60}]},{\"name\":\"hand-right\",\"frame\":[{\"tweenEasing\":0,\"transform\":{},\"duration\":15},{\"tweenEasing\":0,\"transform\":{\"scX\":1.0996,\"y\":3.6408,\"skX\":7.1454,\"skY\":7.1454,\"x\":-6.82985},\"duration\":15},{\"tweenEasing\":0,\"transform\":{},\"duration\":15},{\"tweenEasing\":0,\"transform\":{\"scX\":1.0996,\"y\":3.6408,\"skX\":7.1454,\"skY\":7.1454,\"x\":-6.82985},\"duration\":15},{\"transform\":{},\"duration\":0}]},{\"name\":\"hand-right1\",\"frame\":[{\"transform\":{},\"duration\":60}]},{\"name\":\"hand-left\",\"frame\":[{\"tweenEasing\":0,\"transform\":{},\"duration\":15},{\"tweenEasing\":0,\"transform\":{\"y\":-1.0637,\"skX\":-14.5059,\"skY\":-14.5059,\"x\":-6.21435},\"duration\":15},{\"tweenEasing\":0,\"transform\":{},\"duration\":15},{\"tweenEasing\":0,\"transform\":{\"y\":-1.0637,\"skX\":-14.5059,\"skY\":-14.5059,\"x\":-6.21435},\"duration\":15},{\"transform\":{},\"duration\":0}]},{\"name\":\"jiao\",\"frame\":[{\"tweenEasing\":0,\"transform\":{},\"duration\":15},{\"tweenEasing\":0,\"transform\":{\"skX\":11.7152,\"skY\":11.7152},\"duration\":15},{\"tweenEasing\":0,\"transform\":{},\"duration\":15},{\"tweenEasing\":0,\"transform\":{\"skX\":11.7152,\"skY\":11.7152},\"duration\":15},{\"transform\":{},\"duration\":0}]},{\"name\":\"jiao-left\",\"frame\":[{\"tweenEasing\":0,\"transform\":{},\"duration\":15},{\"tweenEasing\":0,\"transform\":{\"skX\":-8.9113,\"skY\":-8.9113},\"duration\":15},{\"tweenEasing\":0,\"transform\":{},\"duration\":15},{\"tweenEasing\":0,\"transform\":{\"skX\":-8.9113,\"skY\":-8.9113},\"duration\":15},{\"transform\":{},\"duration\":0}]},{\"name\":\"eye-left1\",\"frame\":[{\"tweenEasing\":0,\"transform\":{},\"duration\":15},{\"tweenEasing\":0,\"transform\":{\"skX\":29.7902,\"skY\":29.7902},\"duration\":15},{\"tweenEasing\":0,\"transform\":{},\"duration\":6},{\"tweenEasing\":0,\"transform\":{\"skX\":-2.0608,\"skY\":-2.0608},\"duration\":2},{\"tweenEasing\":0,\"transform\":{\"scX\":0.0952,\"skX\":-2.0608,\"skY\":-2.0608},\"duration\":2},{\"tweenEasing\":0,\"transform\":{\"skX\":-2.0608,\"skY\":-2.0608},\"duration\":5},{\"tweenEasing\":0,\"transform\":{\"skX\":29.7902,\"skY\":29.7902},\"duration\":15},{\"transform\":{},\"duration\":0}]},{\"name\":\"eye-right1\",\"frame\":[{\"tweenEasing\":0,\"transform\":{},\"duration\":15},{\"tweenEasing\":0,\"transform\":{\"skX\":29.7902,\"skY\":29.7902},\"duration\":15},{\"tweenEasing\":0,\"transform\":{},\"duration\":6},{\"tweenEasing\":0,\"transform\":{\"skX\":-2.0608,\"skY\":-2.0608},\"duration\":2},{\"tweenEasing\":0,\"transform\":{\"scX\":0.0952,\"skX\":-2.0608,\"skY\":-2.0608},\"duration\":2},{\"tweenEasing\":0,\"transform\":{\"skX\":-2.0608,\"skY\":-2.0608},\"duration\":5},{\"tweenEasing\":0,\"transform\":{\"skX\":29.7902,\"skY\":29.7902},\"duration\":15},{\"transform\":{},\"duration\":0}]},{\"name\":\"zui\",\"frame\":[{\"tweenEasing\":0,\"transform\":{},\"duration\":15},{\"tweenEasing\":0,\"transform\":{\"y\":0.02195,\"scY\":1.583,\"x\":-1.2426},\"duration\":15},{\"tweenEasing\":0,\"transform\":{},\"duration\":15},{\"tweenEasing\":0,\"transform\":{\"y\":0.02195,\"scY\":1.583,\"x\":-1.2426},\"duration\":15},{\"transform\":{},\"duration\":0}]}],\"ik\":[]}],\"slot\":[{\"color\":{},\"name\":\"shadow\",\"parent\":\"root\"},{\"z\":1,\"color\":{},\"name\":\"jiao-left\",\"parent\":\"jiao-left\"},{\"z\":2,\"color\":{},\"name\":\"hand-left\",\"parent\":\"hand-left\"},{\"z\":3,\"color\":{},\"name\":\"body\",\"parent\":\"root\"},{\"z\":4,\"color\":{},\"name\":\"eye-right1\",\"parent\":\"eye-right1\"},{\"z\":5,\"color\":{},\"name\":\"jiao\",\"parent\":\"jiao\"},{\"z\":6,\"color\":{},\"name\":\"zui\",\"parent\":\"zui\"},{\"z\":7,\"color\":{},\"name\":\"hand-right\",\"parent\":\"hand-right1\"},{\"z\":8,\"color\":{},\"name\":\"eye-left1\",\"parent\":\"eye-left1\"}],\"defaultActions\":[{\"gotoAndPlay\":\"idle\"}],\"type\":\"Armature\",\"skin\":[{\"name\":\"\",\"slot\":[{\"display\":[{\"type\":\"image\",\"transform\":{\"scX\":1.6877,\"y\":-0.5517,\"scY\":1.2719,\"x\":-0.57845},\"name\":\"shadow\",\"path\":\"shadow\"}],\"name\":\"shadow\"},{\"display\":[{\"type\":\"image\",\"transform\":{\"y\":-3.54965,\"skX\":-145.2441,\"skY\":-145.2441,\"x\":12.4741},\"name\":\"hand-left\",\"path\":\"hand-left\"}],\"name\":\"hand-left\"},{\"display\":[{\"weights\":[2,4,0.8836870792312715,10,0.11631292076872837,2,4,0.7860422391743047,10,0.21395776082569531,2,4,0.26349071366670856,10,0.7365092863332915,2,4,0.15288754019579137,10,0.8471124598042087,2,4,0.10046081762798052,10,0.8995391823720196,2,4,0.15977318347193217,10,0.8402268165280677,2,4,0.45159539938861604,10,0.548404600611384,2,4,0.4972573480730356,10,0.5027426519269643,2,4,0.5392184881608664,10,0.4607815118391336,2,4,0.8652634043939177,10,0.13473659560608237,2,4,0.8106625955386396,10,0.1893374044613605],\"type\":\"mesh\",\"uvs\":[0,0.19698,0.10039,0.43269,0.35194,0.62637,0.29264,0.73654,0.3814,0.90412,0.65465,0.94066,0.92829,0.66319,0.92093,0.34368,0.72868,0.21786,0.28527,0.09231,0.01938,0.00852],\"width\":64,\"slotPose\":[0.9999999999999999,5.551115123125783e-17,-5.551115123125783e-17,0.9999999999999999,78.21203330624408,-117.33073190797718],\"userEdges\":[],\"height\":91,\"edges\":[0,1,1,2,2,3,3,4,4,5,5,6,6,7,7,8,8,9,9,10,10,0],\"transform\":{\"y\":7.13425,\"skX\":-107.513,\"skY\":-107.513,\"x\":4.1851},\"path\":\"hand-right\",\"triangles\":[8,2,7,7,2,6,2,5,6,3,4,5,2,3,5,1,2,8,9,1,8,0,1,9,10,0,9],\"vertices\":[-32.25,-27.575,-25.775,-6.125,-9.55,11.5,-13.375,21.525,-7.65,36.775,9.975,40.1,27.625,14.85,27.15,-14.225,14.75,-25.675,-13.85,-37.1,-31,-44.725],\"bonePose\":[4,0.7869921637483671,0.6169629925681632,-0.6169629925681632,0.7869921637483671,61.975,-138.225,10,-0.3009214221420635,0.9536489383919002,-0.9536489383919002,-0.3009214221420635,86.27500000000002,-119.175],\"name\":\"hand-right\"}],\"name\":\"hand-right\"},{\"display\":[{\"type\":\"image\",\"transform\":{\"y\":1.9867,\"skX\":89.4454,\"skY\":89.4454,\"x\":0.8662},\"name\":\"eye-left1\",\"path\":\"eye-left1\"}],\"name\":\"eye-left1\"},{\"display\":[{\"type\":\"image\",\"transform\":{\"y\":-3.6057,\"skX\":43.6412,\"skY\":43.6412,\"x\":19.9097},\"name\":\"jiao\",\"path\":\"jiao\"}],\"name\":\"jiao\"},{\"display\":[{\"type\":\"image\",\"transform\":{\"y\":0.17765,\"skX\":89.4454,\"skY\":89.4454,\"x\":1.32825},\"name\":\"eye-right1\",\"path\":\"eye-right1\"}],\"name\":\"eye-right1\"},{\"display\":[{\"type\":\"image\",\"transform\":{\"y\":1.33645,\"skX\":126.2026,\"skY\":126.2026,\"x\":14.46525},\"name\":\"jiao-left\",\"path\":\"jiao-left\"}],\"name\":\"jiao-left\"},{\"display\":[{\"weights\":[2,3,0.9076326152166487,2,0.0923673847833513,2,3,0.9418052969330454,2,0.05819470306695453,2,3,0.8296659335920642,2,0.1703340664079358,2,3,0.6397288814553271,2,0.3602711185446729,2,3,0.5213387864353414,2,0.4786612135646587,3,1,0.28277833891650445,2,0.35938124766745977,3,0.3578404134160358,3,1,0.3499350296004841,2,0.35359019689631616,3,0.29647477350319973,2,1,0.5116328625775498,2,0.48836713742245014,2,1,0.5995167265131016,2,0.40048327348689833,2,1,0.6982459476028019,2,0.3017540523971982,2,1,0.8531069450318214,2,0.14689305496817862,2,1,0.850322007769739,2,0.1496779922302611,1,1,1,1,1,1,1,1,1,2,1,0.4962777726358699,2,0.5037222273641301,2,2,0.5012402741283495,3,0.4987597258716505,2,3,0.5366596729355114,2,0.4633403270644886,2,3,0.6239814904207891,2,0.37601850957921096,2,3,0.7493753368169827,2,0.2506246631830174,2,3,0.8327053976608805,2,0.16729460233911955,3,1,0.5855087814783454,2,0.34161569952717835,3,0.07287551899447627,3,1,0.23034420613946813,2,0.4928568913514954,3,0.2767989025090364,3,1,0.017287503520423922,3,0.8868235918815172,2,0.09588890459805889,2,3,0.9892252023527648,2,0.01077479764723518,2,3,0.9735334464445305,2,0.026466553555469497,2,3,0.898489211030244,2,0.101510788969756,2,3,0.7490668786537479,2,0.2509331213462522,3,1,0.08347205766217358,3,0.6433685183808936,2,0.2731594239569328,3,1,0.25149010706422653,2,0.3957562106572505,3,0.352753682278523,3,1,0.43909113757805945,2,0.38655276104897346,3,0.174356101372967,3,1,0.5496834517802289,2,0.3185394170015326,3,0.1317771312182384,2,1,0.7140012145076076,2,0.2859987854923923],\"type\":\"mesh\",\"uvs\":[0.44029,0.00085,0.42677,0.05751,0.32415,0.10328,0.21588,0.18161,0.11575,0.28636,0.04003,0.41279,0,0.55867,0.01837,0.73753,0.15617,0.84419,0.24856,0.94228,0.41614,0.90085,0.62428,0.9074,0.8437,0.99672,0.92756,0.83562,0.9979,0.69598,0.99987,0.55211,0.95735,0.42368,0.88963,0.28404,0.84633,0.18161,0.75958,0.11184,0.69751,0.02452,0.34785,0.71839,0.34785,0.48615,0.43026,0.2483,0.51491,0.08615,0.4485,0.08985,0.63394,0.08985,0.73,0.14323,0.67055,0.23541,0.71399,0.46035,0.75297,0.64841,0.75979,0.74429,0.79026,0.86812],\"width\":190,\"slotPose\":[0.9999999999999998,0,0,0.9999999999999998,-9.814976927796234,-100.49895125146932],\"userEdges\":[10,8,10,21,21,22,22,23,23,24,1,25,25,24,24,26,26,27,27,18,26,28,28,29,29,30,30,31,11,32,32,13,31,32,32,12],\"height\":236,\"edges\":[0,1,1,2,2,3,3,4,4,5,5,6,6,7,7,8,8,9,9,10,10,11,11,12,12,13,13,14,14,15,15,16,16,17,17,18,18,19,19,20,20,0],\"transform\":{\"y\":-100.49895,\"x\":-9.815},\"path\":\"body\",\"triangles\":[16,29,15,29,30,15,31,13,14,30,31,14,15,30,14,32,12,13,17,29,16,31,32,13,18,28,17,28,29,17,32,11,12,27,28,18,19,27,18,31,11,32,29,22,30,22,21,30,30,21,31,21,11,31,26,27,19,20,26,19,28,23,29,26,28,27,21,10,11,23,22,29,24,26,20,0,24,20,26,24,28,24,23,28,1,25,24,0,1,24,25,23,24,4,22,23,2,3,23,2,23,25,1,2,25,21,8,10,8,9,10,3,4,23,7,8,21,6,7,21,6,21,22,5,6,22,4,5,22],\"vertices\":[-11.375,-118.05,-13.95,-104.65,-33.5,-93.825,-54.125,-75.3,-73.2,-50.525,-87.625,-20.625,-95.25,13.875,-91.75,56.175,-65.5,81.4,-47.9,104.6,-15.975,94.8,23.675,96.35,65.475,117.475,81.45,79.375,94.85,46.35,95.225,12.325,87.125,-18.05,74.225,-51.075,65.975,-75.3,49.45,-91.8,37.625,-112.45,-28.985,51.65,-28.985,-3.275,-13.285,-59.525,2.84,-97.875,-9.81,-97,25.515,-97,43.815,-84.375,32.49,-62.575,40.765,-9.375,48.19,35.1,49.49,57.775,55.295,87.06],\"bonePose\":[1,-0.13865803123693907,-0.9903403204825582,0.9903403204825582,-0.13865803123693907,-7.15,-29.075,2,0.009678609303167107,-0.9999531611640401,0.9999531611640401,0.009678609303167107,-13.825000000000001,-76.75,3,0.05803273031393267,-0.9983146809560153,0.9983146809560153,0.05803273031393267,-13.35,-125.82500000000002],\"name\":\"body\"}],\"name\":\"body\"},{\"display\":[{\"type\":\"image\",\"transform\":{\"y\":1.85115,\"skX\":89.4454,\"skY\":89.4454,\"x\":-2.67295},\"name\":\"zui\",\"path\":\"zui\"}],\"name\":\"zui\"}]}],\"name\":\"winter\",\"bone\":[{\"transform\":{},\"name\":\"root\"},{\"length\":48,\"parent\":\"root\",\"transform\":{\"y\":-29.075,\"skX\":-97.9702,\"skY\":-97.9702,\"x\":-7.15},\"name\":\"body\"},{\"length\":49,\"parent\":\"body\",\"transform\":{\"skX\":8.5248,\"skY\":8.5248,\"x\":48.14},\"name\":\"body1\"},{\"length\":65.5,\"parent\":\"body1\",\"transform\":{\"skX\":2.7723,\"skY\":2.7723,\"x\":49.0773},\"name\":\"body2\"},{\"length\":30.5,\"parent\":\"body1\",\"transform\":{\"y\":75.20145,\"skX\":127.5401,\"skY\":127.5401,\"x\":62.20575},\"name\":\"hand-right\"},{\"length\":20.5,\"parent\":\"body1\",\"transform\":{\"y\":-65.43535,\"skX\":-125.3105,\"skY\":-125.3105,\"x\":62.7446},\"name\":\"hand-left\"},{\"transform\":{\"y\":-32.1911,\"x\":76.417},\"name\":\"eye-left1\",\"parent\":\"body1\"},{\"transform\":{\"y\":22.6063,\"x\":76.9474},\"name\":\"eye-right1\",\"parent\":\"body1\"},{\"transform\":{\"y\":-7.0945,\"x\":43.30835},\"name\":\"zui\",\"parent\":\"body1\"},{\"length\":28,\"parent\":\"body2\",\"transform\":{\"y\":54.19495,\"skX\":43.0319,\"skY\":43.0319,\"x\":45.1712},\"name\":\"jiao\"},{\"length\":28,\"parent\":\"hand-right\",\"transform\":{\"skX\":69.4183,\"skY\":69.4183,\"x\":30.87705},\"name\":\"hand-right1\"},{\"length\":33,\"parent\":\"body2\",\"transform\":{\"y\":-43.97885,\"skX\":-39.5295,\"skY\":-39.5295,\"x\":41.86835},\"name\":\"jiao-left\"}],\"ik\":[]}],\"name\":\"winter\"}"
}